10.0.2.16;35.190.88.7;57828;443;1;0x00000303;4865,4866,4867,49195,49196,52393,49199,49200,52392,49161,49162,49171,49172,156,157,47,53;0,23,65281,10,11,35,16,5,13,51,45,43,21;sessions.bugsnag.com;0x0000001d,0x00000017,0x00000018;0
35.190.88.7;10.0.2.16;443;57828;2;0x00000303;4865;51,43;;;
10.0.2.16;52.49.203.159;38078;443;1;0x00000303;47802,4865,4866,4867,49195,49199,49196,49200,52393,52392,49171,49172,156,157,47,53,10;2570,0,23,65281,10,11,35,16,5,13,18,51,45,43,27,39578,21;android-appboot.netflix.com;0x0000fafa,0x0000001d,0x00000017,0x00000018;0
10.0.2.16;52.49.203.159;38080;443;1;0x00000303;23130,4865,4866,4867,49195,49199,49196,49200,52393,52392,49171,49172,156,157,47,53,10;27242,0,23,65281,10,11,35,16,5,13,18,51,45,43,27,23130,21;android-appboot.netflix.com;0x00001a1a,0x0000001d,0x00000017,0x00000018;0
52.49.203.159;10.0.2.16;443;38078;2;0x00000303;49199;65281,11;;;0,1,2
52.49.203.159;10.0.2.16;443;38080;2;0x00000303;49199;65281,11;;;0,1,2
10.0.2.16;99.81.251.69;38852;443;1;0x00000303;6682,4865,4866,4867,49195,49199,49196,49200,52393,52392,49171,49172,156,157,47,53,10;14906,0,23,65281,10,11,35,16,5,13,18,51,45,43,27,2570,21;android-h2.prod.ftl.netflix.com;0x00009a9a,0x0000001d,0x00000017,0x00000018;0
99.81.251.69;10.0.2.16;443;38852;2;0x00000303;4865;51,43;;;
10.0.2.16;54.217.35.13;58950;443;1;0x00000303;60138,4865,4866,4867,49195,49199,49196,49200,52393,52392,49171,49172,156,157,47,53,10;14906,0,23,65281,10,11,35,16,5,13,18,51,45,43,27,60138,21;android.prod.cloud.netflix.com;0x00008a8a,0x0000001d,0x00000017,0x00000018;0
54.217.35.13;10.0.2.16;443;58950;2;0x00000303;4865;51,43;;;
10.0.2.16;45.57.16.155;59392;443;1;0x00000303;2570,4865,4866,4867,49195,49199,49196,49200,52393,52392,49171,49172,156,157,47,53,10;2570,0,23,65281,10,11,35,16,5,13,18,51,45,43,27,6682,21;occ-0-1490-1489.1.nflxso.net;0x0000aaaa,0x0000001d,0x00000017,0x00000018;0
10.0.2.16;45.57.16.155;59394;443;1;0x00000303;56026,4865,4866,4867,49195,49199,49196,49200,52393,52392,49171,49172,156,157,47,53,10;2570,0,23,65281,10,11,35,16,5,13,18,51,45,43,27,6682,21;occ-0-1490-1489.1.nflxso.net;0x00005a5a,0x0000001d,0x00000017,0x00000018;0
45.57.16.155;10.0.2.16;443;59394;2;0x00000303;4865;43,51;;;
45.57.16.155;10.0.2.16;443;59392;2;0x00000303;4865;43,51;;;
10.0.2.16;45.57.16.155;59398;443;1;0x00000303;2570,4865,4866,4867,49195,49199,49196,49200,52393,52392,49171,49172,156,157,47,53,10;56026,0,23,65281,10,11,35,16,5,13,18,51,45,43,27,10794,41;occ-0-1490-1489.1.nflxso.net;0x0000baba,0x0000001d,0x00000017,0x00000018;0
10.0.2.16;45.57.16.155;59396;443;1;0x00000303;10794,4865,4866,4867,49195,49199,49196,49200,52393,52392,49171,49172,156,157,47,53,10;10794,0,23,65281,10,11,35,16,5,13,18,51,45,43,27,6682,41;occ-0-1490-1489.1.nflxso.net;0x00000a0a,0x0000001d,0x00000017,0x00000018;0
45.57.16.155;10.0.2.16;443;59398;2;0x00000303;4865;43,51,41;;;
45.57.16.155;10.0.2.16;443;59396;2;0x00000303;4865;43,51,41;;;
10.0.2.16;45.57.16.155;59400;443;1;0x00000303;56026,4865,4866,4867,49195,49199,49196,49200,52393,52392,49171,49172,156,157,47,53,10;23130,0,23,65281,10,11,35,16,5,13,18,51,45,43,27,39578,21;ipv4-c049-vie001-ix.1.oca.nflxvideo.net;0x0000eaea,0x0000001d,0x00000017,0x00000018;0
10.0.2.16;45.57.75.170;56640;443;1;0x00000303;14906,4865,4866,4867,49195,49199,49196,49200,52393,52392,49171,49172,156,157,47,53,10;64250,0,23,65281,10,11,35,16,5,13,18,51,45,43,27,56026,21;ipv4-c011-fra002-dev-ix.1.oca.nflxvideo.net;0x00006a6a,0x0000001d,0x00000017,0x00000018;0
45.57.16.155;10.0.2.16;443;59400;2;0x00000303;4865;43,51;;;
45.57.75.170;10.0.2.16;443;56640;2;0x00000303;4865;43,51;;;
10.0.2.16;45.57.41.1;51860;443;1;0x00000303;43690,4865,4866,4867,49195,49199,49196,49200,52393,52392,49171,49172,156,157,47,53,10;39578,0,23,65281,10,11,35,16,5,13,18,51,45,43,27,23130,21;h1-scm.prod.ftl.netflix.com;0x00006a6a,0x0000001d,0x00000017,0x00000018;0
10.0.2.16;45.57.41.1;51862;443;1;0x00000303;47802,4865,4866,4867,49195,49199,49196,49200,52393,52392,49171,49172,156,157,47,53,10;27242,0,23,65281,10,11,35,16,5,13,18,51,45,43,27,51914,21;h1-scm.prod.ftl.netflix.com;0x0000dada,0x0000001d,0x00000017,0x00000018;0
45.57.41.1;10.0.2.16;443;51860;2;0x00000303;4865;43,51;;;
45.57.41.1;10.0.2.16;443;51862;2;0x00000303;4865;43,51;;;
10.0.2.16;45.57.40.1;34090;443;1;0x00000303;60138,4865,4866,4867,49195,49199,49196,49200,52393,52392,49171,49172,156,157,47,53,10;31354,0,23,65281,10,11,35,16,5,13,18,51,45,43,27,6682,21;h2-scm.prod.ftl.netflix.com;0x00002a2a,0x0000001d,0x00000017,0x00000018;0
10.0.2.16;45.57.40.1;34088;443;1;0x00000303;35466,4865,4866,4867,49195,49199,49196,49200,52393,52392,49171,49172,156,157,47,53,10;14906,0,23,65281,10,11,35,16,5,13,18,51,45,43,27,56026,21;h2-scm.prod.ftl.netflix.com;0x00005a5a,0x0000001d,0x00000017,0x00000018;0
45.57.40.1;10.0.2.16;443;34088;2;0x00000303;4865;43,51;;;
45.57.40.1;10.0.2.16;443;34090;2;0x00000303;4865;43,51;;;
10.0.2.16;45.57.17.155;53270;443;1;0x00000303;10794,4865,4866,4867,49195,49199,49196,49200,52393,52392,49171,49172,156,157,47,53,10;51914,0,23,65281,10,11,35,16,5,13,18,51,45,43,27,10794,21;ipv4-c055-vie001-ix.1.oca.nflxvideo.net;0x00001a1a,0x0000001d,0x00000017,0x00000018;0
10.0.2.16;45.57.17.155;53274;443;1;0x00000303;10794,4865,4866,4867,49195,49199,49196,49200,52393,52392,49171,49172,156,157,47,53,10;60138,0,23,65281,10,11,35,16,5,13,18,51,45,43,27,56026,21;ipv4-c055-vie001-ix.1.oca.nflxvideo.net;0x00007a7a,0x0000001d,0x00000017,0x00000018;0
10.0.2.16;45.57.17.155;53272;443;1;0x00000303;47802,4865,4866,4867,49195,49199,49196,49200,52393,52392,49171,49172,156,157,47,53,10;14906,0,23,65281,10,11,35,16,5,13,18,51,45,43,27,47802,21;ipv4-c055-vie001-ix.1.oca.nflxvideo.net;0x00000a0a,0x0000001d,0x00000017,0x00000018;0
45.57.17.155;10.0.2.16;443;53270;2;0x00000303;4865;43,51;;;
45.57.17.155;10.0.2.16;443;53272;2;0x00000303;4865;43,51;;;
45.57.17.155;10.0.2.16;443;53274;2;0x00000303;4865;43,51;;;
10.0.2.16;45.57.17.132;51698;443;1;0x00000303;31354,4865,4866,4867,49195,49199,49196,49200,52393,52392,49171,49172,156,157,47,53,10;43690,0,23,65281,10,11,35,16,5,13,18,51,45,43,27,64250,21;ipv4-c006-vie001-ix.1.oca.nflxvideo.net;0x0000eaea,0x0000001d,0x00000017,0x00000018;0
10.0.2.16;45.57.17.132;51700;443;1;0x00000303;6682,4865,4866,4867,49195,49199,49196,49200,52393,52392,49171,49172,156,157,47,53,10;10794,0,23,65281,10,11,35,16,5,13,18,51,45,43,27,35466,21;ipv4-c006-vie001-ix.1.oca.nflxvideo.net;0x00002a2a,0x0000001d,0x00000017,0x00000018;0
45.57.17.132;10.0.2.16;443;51698;2;0x00000303;4865;43,51;;;
45.57.17.132;10.0.2.16;443;51700;2;0x00000303;4865;43,51;;;
10.0.2.16;45.57.16.150;40792;443;1;0x00000303;10794,4865,4866,4867,49195,49199,49196,49200,52393,52392,49171,49172,156,157,47,53,10;47802,0,23,65281,10,11,35,16,5,13,18,51,45,43,27,19018,21;ipv4-c041-vie001-ix.1.oca.nflxvideo.net;0x0000baba,0x0000001d,0x00000017,0x00000018;0
10.0.2.16;45.57.16.150;40794;443;1;0x00000303;6682,4865,4866,4867,49195,49199,49196,49200,52393,52392,49171,49172,156,157,47,53,10;14906,0,23,65281,10,11,35,16,5,13,18,51,45,43,27,10794,21;ipv4-c041-vie001-ix.1.oca.nflxvideo.net;0x00008a8a,0x0000001d,0x00000017,0x00000018;0
45.57.16.150;10.0.2.16;443;40792;2;0x00000303;4865;43,51;;;
45.57.16.150;10.0.2.16;443;40794;2;0x00000303;4865;43,51;;;
10.0.2.16;45.57.16.154;52264;443;1;0x00000303;47802,4865,4866,4867,49195,49199,49196,49200,52393,52392,49171,49172,156,157,47,53,10;56026,0,23,65281,10,11,35,16,5,13,18,51,45,43,27,51914,21;ipv4-c048-vie001-ix.1.oca.nflxvideo.net;0x00001a1a,0x0000001d,0x00000017,0x00000018;0
45.57.16.154;10.0.2.16;443;52264;2;0x00000303;4865;43,51;;;
10.0.2.16;35.190.88.7;57874;443;1;0x00000303;4865,4866,4867,49195,49196,52393,49199,49200,52392,49161,49162,49171,49172,156,157,47,53;0,23,65281,10,11,35,16,5,13,51,45,43,21;sessions.bugsnag.com;0x0000001d,0x00000017,0x00000018;0
35.190.88.7;10.0.2.16;443;57874;2;0x00000303;4865;51,43;;;
10.0.2.16;52.211.240.52;37266;443;1;0x00000303;23130,4865,4866,4867,49195,49199,49196,49200,52393,52392,49171,49172,156,157,47,53,10;27242,0,23,65281,10,11,35,16,5,13,18,51,45,43,27,23130,21;android-appboot.netflix.com;0x00002a2a,0x0000001d,0x00000017,0x00000018;0
10.0.2.16;52.211.240.52;37268;443;1;0x00000303;27242,4865,4866,4867,49195,49199,49196,49200,52393,52392,49171,49172,156,157,47,53,10;2570,0,23,65281,10,11,35,16,5,13,18,51,45,43,27,47802,21;android-appboot.netflix.com;0x00005a5a,0x0000001d,0x00000017,0x00000018;0
52.211.240.52;10.0.2.16;443;37266;2;0x00000303;49199;65281,11;;;0,1,2
52.211.240.52;10.0.2.16;443;37268;2;0x00000303;49199;65281,11;;;0,1,2
10.0.2.16;54.195.169.127;46520;443;1;0x00000303;64250,4865,4866,4867,49195,49199,49196,49200,52393,52392,49171,49172,156,157,47,53,10;27242,0,23,65281,10,11,35,16,5,13,18,51,45,43,27,31354,21;android-h2.prod.ftl.netflix.com;0x0000eaea,0x0000001d,0x00000017,0x00000018;0
54.195.169.127;10.0.2.16;443;46520;2;0x00000303;4865;51,43;;;
10.0.2.16;52.211.179.103;60340;443;1;0x00000303;43690,4865,4866,4867,49195,49199,49196,49200,52393,52392,49171,49172,156,157,47,53,10;35466,0,23,65281,10,11,35,16,5,13,18,51,45,43,27,56026,21;android.prod.cloud.netflix.com;0x00008a8a,0x0000001d,0x00000017,0x00000018;0
52.211.179.103;10.0.2.16;443;60340;2;0x00000303;4865;51,43;;;
10.0.2.16;45.57.16.139;51756;443;1;0x00000303;10794,4865,4866,4867,49195,49199,49196,49200,52393,52392,49171,49172,156,157,47,53,10;14906,0,23,65281,10,11,35,16,5,13,18,51,45,43,27,64250,21;occ-0-1490-1489.1.nflxso.net;0x0000dada,0x0000001d,0x00000017,0x00000018;0
45.57.16.139;10.0.2.16;443;51756;2;0x00000303;4865;43,51;;;
10.0.2.16;45.57.16.139;51758;443;1;0x00000303;27242,4865,4866,4867,49195,49199,49196,49200,52393,52392,49171,49172,156,157,47,53,10;35466,0,23,65281,10,11,35,16,5,13,18,51,45,43,27,10794,21;occ-0-1490-1489.1.nflxso.net;0x0000fafa,0x0000001d,0x00000017,0x00000018;0
10.0.2.16;45.57.16.139;51760;443;1;0x00000303;6682,4865,4866,4867,49195,49199,49196,49200,52393,52392,49171,49172,156,157,47,53,10;23130,0,23,65281,10,11,35,16,5,13,18,51,45,43,27,19018,21;occ-0-1490-1489.1.nflxso.net;0x00003a3a,0x0000001d,0x00000017,0x00000018;0
45.57.16.139;10.0.2.16;443;51758;2;0x00000303;4865;43,51;;;
10.0.2.16;45.57.16.139;51762;443;1;0x00000303;2570,4865,4866,4867,49195,49199,49196,49200,52393,52392,49171,49172,156,157,47,53,10;6682,0,23,65281,10,11,35,16,5,13,18,51,45,43,27,43690,21;occ-0-1490-1489.1.nflxso.net;0x00002a2a,0x0000001d,0x00000017,0x00000018;0
10.0.2.16;45.57.16.139;51764;443;1;0x00000303;43690,4865,4866,4867,49195,49199,49196,49200,52393,52392,49171,49172,156,157,47,53,10;64250,0,23,65281,10,11,35,16,5,13,18,51,45,43,27,56026,21;occ-0-1490-1489.1.nflxso.net;0x00009a9a,0x0000001d,0x00000017,0x00000018;0
10.0.2.16;45.57.16.139;51766;443;1;0x00000303;60138,4865,4866,4867,49195,49199,49196,49200,52393,52392,49171,49172,156,157,47,53,10;31354,0,23,65281,10,11,35,16,5,13,18,51,45,43,27,2570,21;occ-0-1490-1489.1.nflxso.net;0x00003a3a,0x0000001d,0x00000017,0x00000018;0
45.57.16.139;10.0.2.16;443;51760;2;0x00000303;4865;43,51;;;
45.57.16.139;10.0.2.16;443;51762;2;0x00000303;4865;43,51;;;
45.57.16.139;10.0.2.16;443;51764;2;0x00000303;4865;43,51;;;
45.57.16.139;10.0.2.16;443;51766;2;0x00000303;4865;43,51;;;
10.0.2.16;45.57.17.144;38232;443;1;0x00000303;60138,4865,4866,4867,49195,49199,49196,49200,52393,52392,49171,49172,156,157,47,53,10;31354,0,23,65281,10,11,35,16,5,13,18,51,45,43,27,10794,21;ipv4-c035-vie001-ix.1.oca.nflxvideo.net;0x00005a5a,0x0000001d,0x00000017,0x00000018;0
10.0.2.16;45.57.17.152;58494;443;1;0x00000303;47802,4865,4866,4867,49195,49199,49196,49200,52393,52392,49171,49172,156,157,47,53,10;14906,0,23,65281,10,11,35,16,5,13,18,51,45,43,27,10794,21;ipv4-c046-vie001-ix.1.oca.nflxvideo.net;0x00006a6a,0x0000001d,0x00000017,0x00000018;0
10.0.2.16;45.57.17.135;52972;443;1;0x00000303;10794,4865,4866,4867,49195,49199,49196,49200,52393,52392,49171,49172,156,157,47,53,10;23130,0,23,65281,10,11,35,16,5,13,18,51,45,43,27,2570,21;ipv4-c013-vie001-ix.1.oca.nflxvideo.net;0x00002a2a,0x0000001d,0x00000017,0x00000018;0
45.57.17.144;10.0.2.16;443;38232;2;0x00000303;4865;43,51;;;
45.57.17.152;10.0.2.16;443;58494;2;0x00000303;4865;43,51;;;
45.57.17.135;10.0.2.16;443;52972;2;0x00000303;4865;43,51;;;
10.0.2.16;45.57.17.132;51736;443;1;0x00000303;14906,4865,4866,4867,49195,49199,49196,49200,52393,52392,49171,49172,156,157,47,53,10;31354,0,23,65281,10,11,35,16,5,13,18,51,45,43,27,6682,21;ipv4-c006-vie001-ix.1.oca.nflxvideo.net;0x00003a3a,0x0000001d,0x00000017,0x00000018;0
45.57.17.132;10.0.2.16;443;51736;2;0x00000303;4865;43,51;;;
10.0.2.16;45.57.16.155;59458;443;1;0x00000303;51914,4865,4866,4867,49195,49199,49196,49200,52393,52392,49171,49172,156,157,47,53,10;35466,0,23,65281,10,11,35,16,5,13,18,51,45,43,27,31354,21;ipv4-c049-vie001-ix.1.oca.nflxvideo.net;0x0000fafa,0x0000001d,0x00000017,0x00000018;0
10.0.2.16;45.57.16.155;59460;443;1;0x00000303;19018,4865,4866,4867,49195,49199,49196,49200,52393,52392,49171,49172,156,157,47,53,10;43690,0,23,65281,10,11,35,16,5,13,18,51,45,43,27,23130,21;ipv4-c049-vie001-ix.1.oca.nflxvideo.net;0x00009a9a,0x0000001d,0x00000017,0x00000018;0
45.57.16.155;10.0.2.16;443;59458;2;0x00000303;4865;43,51;;;
10.0.2.16;45.57.16.134;34468;443;1;0x00000303;51914,4865,4866,4867,49195,49199,49196,49200,52393,52392,49171,49172,156,157,47,53,10;10794,0,23,65281,10,11,35,16,5,13,18,51,45,43,27,27242,21;ipv4-c008-vie001-ix.1.oca.nflxvideo.net;0x0000aaaa,0x0000001d,0x00000017,0x00000018;0
45.57.16.155;10.0.2.16;443;59460;2;0x00000303;4865;43,51;;;
45.57.16.134;10.0.2.16;443;34468;2;0x00000303;4865;43,51;;;
10.0.2.16;45.57.74.180;55732;443;1;0x00000303;27242,4865,4866,4867,49195,49199,49196,49200,52393,52392,49171,49172,156,157,47,53,10;19018,0,23,65281,10,11,35,16,5,13,18,51,45,43,27,64250,21;ipv4-c089-fra002-ix.1.oca.nflxvideo.net;0x0000fafa,0x0000001d,0x00000017,0x00000018;0
10.0.2.16;45.57.74.180;55734;443;1;0x00000303;51914,4865,4866,4867,49195,49199,49196,49200,52393,52392,49171,49172,156,157,47,53,10;39578,0,23,65281,10,11,35,16,5,13,18,51,45,43,27,60138,21;ipv4-c089-fra002-ix.1.oca.nflxvideo.net;0x0000dada,0x0000001d,0x00000017,0x00000018;0
10.0.2.16;45.57.74.180;55736;443;1;0x00000303;35466,4865,4866,4867,49195,49199,49196,49200,52393,52392,49171,49172,156,157,47,53,10;39578,0,23,65281,10,11,35,16,5,13,18,51,45,43,27,35466,21;ipv4-c089-fra002-ix.1.oca.nflxvideo.net;0x0000aaaa,0x0000001d,0x00000017,0x00000018;0
45.57.74.180;10.0.2.16;443;55732;2;0x00000303;4865;43,51;;;
45.57.74.180;10.0.2.16;443;55734;2;0x00000303;4865;43,51;;;
45.57.74.180;10.0.2.16;443;55736;2;0x00000303;4865;43,51;;;
10.0.2.16;45.57.74.143;50768;443;1;0x00000303;31354,4865,4866,4867,49195,49199,49196,49200,52393,52392,49171,49172,156,157,47,53,10;47802,0,23,65281,10,11,35,16,5,13,18,51,45,43,27,43690,21;ipv4-c014-fra002-ix.1.oca.nflxvideo.net;0x00004a4a,0x0000001d,0x00000017,0x00000018;0
45.57.74.143;10.0.2.16;443;50768;2;0x00000303;4865;43,51;;;
10.0.2.16;45.57.16.138;45480;443;1;0x00000303;35466,4865,4866,4867,49195,49199,49196,49200,52393,52392,49171,49172,156,157,47,53,10;43690,0,23,65281,10,11,35,16,5,13,18,51,45,43,27,47802,21;ipv4-c020-vie001-ix.1.oca.nflxvideo.net;0x00002a2a,0x0000001d,0x00000017,0x00000018;0
10.0.2.16;45.57.16.146;48192;443;1;0x00000303;39578,4865,4866,4867,49195,49199,49196,49200,52393,52392,49171,49172,156,157,47,53,10;19018,0,23,65281,10,11,35,16,5,13,18,51,45,43,27,27242,21;ipv4-c031-vie001-ix.1.oca.nflxvideo.net;0x00008a8a,0x0000001d,0x00000017,0x00000018;0
45.57.16.138;10.0.2.16;443;45480;2;0x00000303;4865;43,51;;;
45.57.16.146;10.0.2.16;443;48192;2;0x00000303;4865;43,51;;;
10.0.2.16;45.57.16.140;38000;443;1;0x00000303;39578,4865,4866,4867,49195,49199,49196,49200,52393,52392,49171,49172,156,157,47,53,10;23130,0,23,65281,10,11,35,16,5,13,18,51,45,43,27,39578,21;ipv4-c022-vie001-ix.1.oca.nflxvideo.net;0x00008a8a,0x0000001d,0x00000017,0x00000018;0
45.57.16.140;10.0.2.16;443;38000;2;0x00000303;4865;43,51;;;
10.0.2.16;45.57.74.156;56378;443;1;0x00000303;19018,4865,4866,4867,49195,49199,49196,49200,52393,52392,49171,49172,156,157,47,53,10;60138,0,23,65281,10,11,35,16,5,13,18,51,45,43,27,19018,21;ipv4-c042-fra002-ix.1.oca.nflxvideo.net;0x00000a0a,0x0000001d,0x00000017,0x00000018;0
10.0.2.16;45.57.74.183;40394;443;1;0x00000303;47802,4865,4866,4867,49195,49199,49196,49200,52393,52392,49171,49172,156,157,47,53,10;2570,0,23,65281,10,11,35,16,5,13,18,51,45,43,27,31354,21;ipv4-c092-fra002-ix.1.oca.nflxvideo.net;0x00007a7a,0x0000001d,0x00000017,0x00000018;0
10.0.2.16;45.57.74.183;40396;443;1;0x00000303;31354,4865,4866,4867,49195,49199,49196,49200,52393,52392,49171,49172,156,157,47,53,10;6682,0,23,65281,10,11,35,16,5,13,18,51,45,43,27,23130,21;ipv4-c092-fra002-ix.1.oca.nflxvideo.net;0x0000dada,0x0000001d,0x00000017,0x00000018;0
45.57.74.156;10.0.2.16;443;56378;2;0x00000303;4865;43,51;;;
45.57.74.183;10.0.2.16;443;40394;2;0x00000303;4865;43,51;;;
45.57.74.183;10.0.2.16;443;40396;2;0x00000303;4865;43,51;;;
10.0.2.16;45.57.74.183;40398;443;1;0x00000303;27242,4865,4866,4867,49195,49199,49196,49200,52393,52392,49171,49172,156,157,47,53,10;27242,0,23,65281,10,11,35,16,5,13,18,51,45,43,27,23130,41;ipv4-c092-fra002-ix.1.oca.nflxvideo.net;0x00007a7a,0x0000001d,0x00000017,0x00000018;0
45.57.74.183;10.0.2.16;443;40398;2;0x00000303;4865;43,51,41;;;
10.0.2.16;45.57.74.183;40400;443;1;0x00000303;10794,4865,4866,4867,49195,49199,49196,49200,52393,52392,49171,49172,156,157,47,53,10;27242,0,23,65281,10,11,35,16,5,13,18,51,45,43,27,31354,41;ipv4-c092-fra002-ix.1.oca.nflxvideo.net;0x00006a6a,0x0000001d,0x00000017,0x00000018;0
45.57.74.183;10.0.2.16;443;40400;2;0x00000303;4865;43,51,41;;;
10.0.2.16;45.57.16.150;40858;443;1;0x00000303;2570,4865,4866,4867,49195,49199,49196,49200,52393,52392,49171,49172,156,157,47,53,10;47802,0,23,65281,10,11,35,16,5,13,18,51,45,43,27,43690,21;ipv4-c041-vie001-ix.1.oca.nflxvideo.net;0x00000a0a,0x0000001d,0x00000017,0x00000018;0
45.57.16.150;10.0.2.16;443;40858;2;0x00000303;4865;43,51;;;
10.0.2.16;45.57.16.133;51470;443;1;0x00000303;47802,4865,4866,4867,49195,49199,49196,49200,52393,52392,49171,49172,156,157,47,53,10;27242,0,23,65281,10,11,35,16,5,13,18,51,45,43,27,39578,21;ipv4-c007-vie001-ix.1.oca.nflxvideo.net;0x00004a4a,0x0000001d,0x00000017,0x00000018;0
10.0.2.16;45.57.16.133;51472;443;1;0x00000303;35466,4865,4866,4867,49195,49199,49196,49200,52393,52392,49171,49172,156,157,47,53,10;19018,0,23,65281,10,11,35,16,5,13,18,51,45,43,27,2570,21;ipv4-c007-vie001-ix.1.oca.nflxvideo.net;0x00004a4a,0x0000001d,0x00000017,0x00000018;0
45.57.16.133;10.0.2.16;443;51470;2;0x00000303;4865;43,51;;;
45.57.16.133;10.0.2.16;443;51472;2;0x00000303;4865;43,51;;;
10.0.2.16;45.57.16.139;51812;443;1;0x00000303;6682,4865,4866,4867,49195,49199,49196,49200,52393,52392,49171,49172,156,157,47,53,10;10794,0,23,65281,10,11,35,16,5,13,18,51,45,43,27,31354,21;ipv4-c021-vie001-ix.1.oca.nflxvideo.net;0x0000fafa,0x0000001d,0x00000017,0x00000018;0
10.0.2.16;45.57.16.139;51814;443;1;0x00000303;19018,4865,4866,4867,49195,49199,49196,49200,52393,52392,49171,49172,156,157,47,53,10;56026,0,23,65281,10,11,35,16,5,13,18,51,45,43,27,2570,21;ipv4-c021-vie001-ix.1.oca.nflxvideo.net;0x00005a5a,0x0000001d,0x00000017,0x00000018;0
45.57.16.139;10.0.2.16;443;51812;2;0x00000303;4865;43,51;;;
45.57.16.139;10.0.2.16;443;51814;2;0x00000303;4865;43,51;;;
10.0.2.16;45.57.16.156;46136;443;1;0x00000303;51914,4865,4866,4867,49195,49199,49196,49200,52393,52392,49171,49172,156,157,47,53,10;10794,0,23,65281,10,11,35,16,5,13,18,51,45,43,27,6682,21;ipv4-c050-vie001-ix.1.oca.nflxvideo.net;0x00003a3a,0x0000001d,0x00000017,0x00000018;0
45.57.16.156;10.0.2.16;443;46136;2;0x00000303;4865;43,51;;;
10.0.2.16;35.190.88.7;57946;443;1;0x00000303;4865,4866,4867,49195,49196,52393,49199,49200,52392,49161,49162,49171,49172,156,157,47,53;0,23,65281,10,11,35,16,5,13,51,45,43,21;sessions.bugsnag.com;0x0000001d,0x00000017,0x00000018;0
35.190.88.7;10.0.2.16;443;57946;2;0x00000303;4865;51,43;;;
10.0.2.16;52.211.240.52;37338;443;1;0x00000303;31354,4865,4866,4867,49195,49199,49196,49200,52393,52392,49171,49172,156,157,47,53,10;2570,0,23,65281,10,11,35,16,5,13,18,51,45,43,27,60138,21;android-appboot.netflix.com;0x00006a6a,0x0000001d,0x00000017,0x00000018;0
52.211.240.52;10.0.2.16;443;37338;2;0x00000303;49199;65281,11;;;0,1,2
10.0.2.16;54.170.173.133;36090;443;1;0x00000303;31354,4865,4866,4867,49195,49199,49196,49200,52393,52392,49171,49172,156,157,47,53,10;51914,0,23,65281,10,11,35,16,5,13,18,51,45,43,27,56026,21;android-h2.prod.ftl.netflix.com;0x0000caca,0x0000001d,0x00000017,0x00000018;0
54.170.173.133;10.0.2.16;443;36090;2;0x00000303;4865;51,43;;;
10.0.2.16;99.81.251.69;38970;443;1;0x00000303;2570,4865,4866,4867,49195,49199,49196,49200,52393,52392,49171,49172,156,157,47,53,10;27242,0,23,65281,10,11,35,16,5,13,18,51,45,43,27,31354,21;android.prod.cloud.netflix.com;0x00006a6a,0x0000001d,0x00000017,0x00000018;0
99.81.251.69;10.0.2.16;443;38970;2;0x00000303;4865;51,43;;;
10.0.2.16;45.57.16.153;55570;443;1;0x00000303;43690,4865,4866,4867,49195,49199,49196,49200,52393,52392,49171,49172,156,157,47,53,10;47802,0,23,65281,10,11,35,16,5,13,18,51,45,43,27,43690,21;occ-0-1490-1489.1.nflxso.net;0x00006a6a,0x0000001d,0x00000017,0x00000018;0
45.57.16.153;10.0.2.16;443;55570;2;0x00000303;4865;43,51;;;
10.0.2.16;45.57.16.153;55572;443;1;0x00000303;51914,4865,4866,4867,49195,49199,49196,49200,52393,52392,49171,49172,156,157,47,53,10;56026,0,23,65281,10,11,35,16,5,13,18,51,45,43,27,51914,41;occ-0-1490-1489.1.nflxso.net;0x00000a0a,0x0000001d,0x00000017,0x00000018;0
45.57.16.153;10.0.2.16;443;55572;2;0x00000303;4865;43,51,41;;;
10.0.2.16;45.57.16.153;55574;443;1;0x00000303;6682,4865,4866,4867,49195,49199,49196,49200,52393,52392,49171,49172,156,157,47,53,10;2570,0,23,65281,10,11,35,16,5,13,18,51,45,43,27,56026,41;occ-0-1490-1489.1.nflxso.net;0x00008a8a,0x0000001d,0x00000017,0x00000018;0
10.0.2.16;45.57.16.153;55576;443;1;0x00000303;23130,4865,4866,4867,49195,49199,49196,49200,52393,52392,49171,49172,156,157,47,53,10;6682,0,23,65281,10,11,35,16,5,13,18,51,45,43,27,31354,21;occ-0-1490-1489.1.nflxso.net;0x00003a3a,0x0000001d,0x00000017,0x00000018;0
45.57.16.153;10.0.2.16;443;55576;2;0x00000303;4865;43,51;;;
45.57.16.153;10.0.2.16;443;55574;2;0x00000303;4865;43,51,41;;;
10.0.2.16;45.57.16.153;55578;443;1;0x00000303;2570,4865,4866,4867,49195,49199,49196,49200,52393,52392,49171,49172,156,157,47,53,10;43690,0,23,65281,10,11,35,16,5,13,18,51,45,43,27,64250,41;occ-0-1490-1489.1.nflxso.net;0x00005a5a,0x0000001d,0x00000017,0x00000018;0
10.0.2.16;45.57.16.153;55580;443;1;0x00000303;47802,4865,4866,4867,49195,49199,49196,49200,52393,52392,49171,49172,156,157,47,53,10;6682,0,23,65281,10,11,35,16,5,13,18,51,45,43,27,10794,41;occ-0-1490-1489.1.nflxso.net;0x00008a8a,0x0000001d,0x00000017,0x00000018;0
45.57.16.153;10.0.2.16;443;55580;2;0x00000303;4865;43,51,41;;;
45.57.16.153;10.0.2.16;443;55578;2;0x00000303;4865;43,51,41;;;
10.0.2.16;45.57.16.131;36690;443;1;0x00000303;64250,4865,4866,4867,49195,49199,49196,49200,52393,52392,49171,49172,156,157,47,53,10;35466,0,23,65281,10,11,35,16,5,13,18,51,45,43,27,43690,21;ipv4-c002-vie001-ix.1.oca.nflxvideo.net;0x00007a7a,0x0000001d,0x00000017,0x00000018;0
10.0.2.16;45.57.16.131;36692;443;1;0x00000303;10794,4865,4866,4867,49195,49199,49196,49200,52393,52392,49171,49172,156,157,47,53,10;27242,0,23,65281,10,11,35,16,5,13,18,51,45,43,27,47802,21;ipv4-c002-vie001-ix.1.oca.nflxvideo.net;0x0000dada,0x0000001d,0x00000017,0x00000018;0
10.0.2.16;45.57.17.149;38900;443;1;0x00000303;60138,4865,4866,4867,49195,49199,49196,49200,52393,52392,49171,49172,156,157,47,53,10;31354,0,23,65281,10,11,35,16,5,13,18,51,45,43,27,39578,21;ipv4-c040-vie001-ix.1.oca.nflxvideo.net;0x00008a8a,0x0000001d,0x00000017,0x00000018;0
45.57.16.131;10.0.2.16;443;36690;2;0x00000303;4865;43,51;;;
45.57.16.131;10.0.2.16;443;36692;2;0x00000303;4865;43,51;;;
45.57.17.149;10.0.2.16;443;38900;2;0x00000303;4865;43,51;;;
10.0.2.16;45.57.16.142;38066;443;1;0x00000303;60138,4865,4866,4867,49195,49199,49196,49200,52393,52392,49171,49172,156,157,47,53,10;6682,0,23,65281,10,11,35,16,5,13,18,51,45,43,27,2570,21;ipv4-c024-vie001-ix.1.oca.nflxvideo.net;0x0000baba,0x0000001d,0x00000017,0x00000018;0
10.0.2.16;45.57.16.142;38068;443;1;0x00000303;56026,4865,4866,4867,49195,49199,49196,49200,52393,52392,49171,49172,156,157,47,53,10;6682,0,23,65281,10,11,35,16,5,13,18,51,45,43,27,2570,21;ipv4-c024-vie001-ix.1.oca.nflxvideo.net;0x00004a4a,0x0000001d,0x00000017,0x00000018;0
45.57.16.142;10.0.2.16;443;38066;2;0x00000303;4865;43,51;;;
45.57.16.142;10.0.2.16;443;38068;2;0x00000303;4865;43,51;;;
10.0.2.16;45.57.16.130;36892;443;1;0x00000303;19018,4865,4866,4867,49195,49199,49196,49200,52393,52392,49171,49172,156,157,47,53,10;64250,0,23,65281,10,11,35,16,5,13,18,51,45,43,27,60138,21;ipv4-c001-vie001-ix.1.oca.nflxvideo.net;0x0000aaaa,0x0000001d,0x00000017,0x00000018;0
45.57.16.130;10.0.2.16;443;36892;2;0x00000303;4865;43,51;;;
10.0.2.16;45.57.16.130;36894;443;1;0x00000303;47802,4865,4866,4867,49195,49199,49196,49200,52393,52392,49171,49172,156,157,47,53,10;10794,0,23,65281,10,11,35,16,5,13,18,51,45,43,27,64250,41;ipv4-c001-vie001-ix.1.oca.nflxvideo.net;0x00000a0a,0x0000001d,0x00000017,0x00000018;0
45.57.16.130;10.0.2.16;443;36894;2;0x00000303;4865;43,51,41;;;
10.0.2.16;45.57.16.130;36896;443;1;0x00000303;64250,4865,4866,4867,49195,49199,49196,49200,52393,52392,49171,49172,156,157,47,53,10;60138,0,23,65281,10,11,35,16,5,13,18,51,45,43,27,56026,41;ipv4-c001-vie001-ix.1.oca.nflxvideo.net;0x0000dada,0x0000001d,0x00000017,0x00000018;0
45.57.16.130;10.0.2.16;443;36896;2;0x00000303;4865;43,51,41;;;
10.0.2.16;45.57.17.139;36344;443;1;0x00000303;51914,4865,4866,4867,49195,49199,49196,49200,52393,52392,49171,49172,156,157,47,53,10;31354,0,23,65281,10,11,35,16,5,13,18,51,45,43,27,43690,21;ipv4-c017-vie001-ix.1.oca.nflxvideo.net;0x00009a9a,0x0000001d,0x00000017,0x00000018;0
10.0.2.16;45.57.17.139;36346;443;1;0x00000303;10794,4865,4866,4867,49195,49199,49196,49200,52393,52392,49171,49172,156,157,47,53,10;23130,0,23,65281,10,11,35,16,5,13,18,51,45,43,27,19018,21;ipv4-c017-vie001-ix.1.oca.nflxvideo.net;0x00004a4a,0x0000001d,0x00000017,0x00000018;0
45.57.17.139;10.0.2.16;443;36344;2;0x00000303;4865;43,51;;;
45.57.17.139;10.0.2.16;443;36346;2;0x00000303;4865;43,51;;;
10.0.2.16;45.57.17.132;51822;443;1;0x00000303;2570,4865,4866,4867,49195,49199,49196,49200,52393,52392,49171,49172,156,157,47,53,10;43690,0,23,65281,10,11,35,16,5,13,18,51,45,43,27,51914,21;ipv4-c006-vie001-ix.1.oca.nflxvideo.net;0x00005a5a,0x0000001d,0x00000017,0x00000018;0
45.57.17.132;10.0.2.16;443;51822;2;0x00000303;4865;43,51;;;
10.0.2.16;45.57.17.132;51820;443;1;0x00000303;6682,4865,4866,4867,49195,49199,49196,49200,52393,52392,49171,49172,156,157,47,53,10;39578,0,23,65281,10,11,35,16,5,13,18,51,45,43,27,6682,41;ipv4-c006-vie001-ix.1.oca.nflxvideo.net;0x0000baba,0x0000001d,0x00000017,0x00000018;0
45.57.17.132;10.0.2.16;443;51820;2;0x00000303;4865;43,51,41;;;
10.0.2.16;45.57.17.147;35336;443;1;0x00000303;51914,4865,4866,4867,49195,49199,49196,49200,52393,52392,49171,49172,156,157,47,53,10;27242,0,23,65281,10,11,35,16,5,13,18,51,45,43,27,35466,21;ipv4-c038-vie001-ix.1.oca.nflxvideo.net;0x00009a9a,0x0000001d,0x00000017,0x00000018;0
10.0.2.16;45.57.17.147;35338;443;1;0x00000303;56026,4865,4866,4867,49195,49199,49196,49200,52393,52392,49171,49172,156,157,47,53,10;19018,0,23,65281,10,11,35,16,5,13,18,51,45,43,27,23130,21;ipv4-c038-vie001-ix.1.oca.nflxvideo.net;0x00003a3a,0x0000001d,0x00000017,0x00000018;0
10.0.2.16;45.57.17.147;35340;443;1;0x00000303;47802,4865,4866,4867,49195,49199,49196,49200,52393,52392,49171,49172,156,157,47,53,10;64250,0,23,65281,10,11,35,16,5,13,18,51,45,43,27,60138,21;ipv4-c038-vie001-ix.1.oca.nflxvideo.net;0x00008a8a,0x0000001d,0x00000017,0x00000018;0
45.57.17.147;10.0.2.16;443;35336;2;0x00000303;4865;43,51;;;
45.57.17.147;10.0.2.16;443;35338;2;0x00000303;4865;43,51;;;
45.57.17.147;10.0.2.16;443;35340;2;0x00000303;4865;43,51;;;
10.0.2.16;45.57.17.155;53408;443;1;0x00000303;14906,4865,4866,4867,49195,49199,49196,49200,52393,52392,49171,49172,156,157,47,53,10;31354,0,23,65281,10,11,35,16,5,13,18,51,45,43,27,35466,21;ipv4-c055-vie001-ix.1.oca.nflxvideo.net;0x0000baba,0x0000001d,0x00000017,0x00000018;0
10.0.2.16;45.57.17.137;58580;443;1;0x00000303;19018,4865,4866,4867,49195,49199,49196,49200,52393,52392,49171,49172,156,157,47,53,10;23130,0,23,65281,10,11,35,16,5,13,18,51,45,43,27,47802,21;ipv4-c015-vie001-ix.1.oca.nflxvideo.net;0x0000eaea,0x0000001d,0x00000017,0x00000018;0
45.57.17.137;10.0.2.16;443;58580;2;0x00000303;4865;43,51;;;
45.57.17.155;10.0.2.16;443;53408;2;0x00000303;4865;43,51;;;
10.0.2.16;45.57.17.137;58582;443;1;0x00000303;60138,4865,4866,4867,49195,49199,49196,49200,52393,52392,49171,49172,156,157,47,53,10;14906,0,23,65281,10,11,35,16,5,13,18,51,45,43,27,27242,41;ipv4-c015-vie001-ix.1.oca.nflxvideo.net;0x0000caca,0x0000001d,0x00000017,0x00000018;0
45.57.17.137;10.0.2.16;443;58582;2;0x00000303;4865;43,51,41;;;
10.0.2.16;35.190.88.7;58002;443;1;0x00000303;4865,4866,4867,49195,49196,52393,49199,49200,52392,49161,49162,49171,49172,156,157,47,53;0,23,65281,10,11,35,16,5,13,51,45,43,21;sessions.bugsnag.com;0x0000001d,0x00000017,0x00000018;0
35.190.88.7;10.0.2.16;443;58002;2;0x00000303;4865;51,43;;;
10.0.2.16;52.214.19.232;36760;443;1;0x00000303;51914,4865,4866,4867,49195,49199,49196,49200,52393,52392,49171,49172,156,157,47,53,10;27242,0,23,65281,10,11,35,16,5,13,18,51,45,43,27,2570,21;android-appboot.netflix.com;0x0000fafa,0x0000001d,0x00000017,0x00000018;0
52.214.19.232;10.0.2.16;443;36760;2;0x00000303;49199;65281,11;;;0,1,2
10.0.2.16;34.252.42.104;42660;443;1;0x00000303;47802,4865,4866,4867,49195,49199,49196,49200,52393,52392,49171,49172,156,157,47,53,10;31354,0,23,65281,10,11,35,16,5,13,18,51,45,43,27,10794,21;android-h2.prod.ftl.netflix.com;0x00003a3a,0x0000001d,0x00000017,0x00000018;0
34.252.42.104;10.0.2.16;443;42660;2;0x00000303;4865;51,43;;;
10.0.2.16;54.170.173.133;36148;443;1;0x00000303;19018,4865,4866,4867,49195,49199,49196,49200,52393,52392,49171,49172,156,157,47,53,10;35466,0,23,65281,10,11,35,16,5,13,18,51,45,43,27,31354,21;android.prod.cloud.netflix.com;0x0000caca,0x0000001d,0x00000017,0x00000018;0
54.170.173.133;10.0.2.16;443;36148;2;0x00000303;4865;51,43;;;
10.0.2.16;45.57.16.156;46202;443;1;0x00000303;27242,4865,4866,4867,49195,49199,49196,49200,52393,52392,49171,49172,156,157,47,53,10;10794,0,23,65281,10,11,35,16,5,13,18,51,45,43,27,23130,21;occ-0-1490-1489.1.nflxso.net;0x0000caca,0x0000001d,0x00000017,0x00000018;0
45.57.16.156;10.0.2.16;443;46202;2;0x00000303;4865;43,51;;;
10.0.2.16;45.57.16.156;46204;443;1;0x00000303;35466,4865,4866,4867,49195,49199,49196,49200,52393,52392,49171,49172,156,157,47,53,10;31354,0,23,65281,10,11,35,16,5,13,18,51,45,43,27,27242,41;occ-0-1490-1489.1.nflxso.net;0x0000caca,0x0000001d,0x00000017,0x00000018;0
10.0.2.16;45.57.16.156;46206;443;1;0x00000303;35466,4865,4866,4867,49195,49199,49196,49200,52393,52392,49171,49172,156,157,47,53,10;19018,0,23,65281,10,11,35,16,5,13,18,51,45,43,27,39578,41;occ-0-1490-1489.1.nflxso.net;0x0000fafa,0x0000001d,0x00000017,0x00000018;0
45.57.16.156;10.0.2.16;443;46204;2;0x00000303;4865;43,51,41;;;
45.57.16.156;10.0.2.16;443;46206;2;0x00000303;4865;43,51,41;;;
10.0.2.16;45.57.74.186;43272;443;1;0x00000303;31354,4865,4866,4867,49195,49199,49196,49200,52393,52392,49171,49172,156,157,47,53,10;47802,0,23,65281,10,11,35,16,5,13,18,51,45,43,27,2570,21;ipv4-c105-fra002-ix.1.oca.nflxvideo.net;0x00008a8a,0x0000001d,0x00000017,0x00000018;0
10.0.2.16;45.57.74.186;43276;443;1;0x00000303;60138,4865,4866,4867,49195,49199,49196,49200,52393,52392,49171,49172,156,157,47,53,10;60138,0,23,65281,10,11,35,16,5,13,18,51,45,43,27,31354,21;ipv4-c105-fra002-ix.1.oca.nflxvideo.net;0x0000eaea,0x0000001d,0x00000017,0x00000018;0
10.0.2.16;45.57.74.186;43274;443;1;0x00000303;23130,4865,4866,4867,49195,49199,49196,49200,52393,52392,49171,49172,156,157,47,53,10;31354,0,23,65281,10,11,35,16,5,13,18,51,45,43,27,19018,21;ipv4-c105-fra002-ix.1.oca.nflxvideo.net;0x00006a6a,0x0000001d,0x00000017,0x00000018;0
45.57.74.186;10.0.2.16;443;43272;2;0x00000303;4865;43,51;;;
45.57.74.186;10.0.2.16;443;43276;2;0x00000303;4865;43,51;;;
45.57.74.186;10.0.2.16;443;43274;2;0x00000303;4865;43,51;;;
10.0.2.16;45.57.74.148;50816;443;1;0x00000303;39578,4865,4866,4867,49195,49199,49196,49200,52393,52392,49171,49172,156,157,47,53,10;10794,0,23,65281,10,11,35,16,5,13,18,51,45,43,27,27242,21;ipv4-c034-fra002-ix.1.oca.nflxvideo.net;0x00002a2a,0x0000001d,0x00000017,0x00000018;0
10.0.2.16;45.57.74.148;50818;443;1;0x00000303;43690,4865,4866,4867,49195,49199,49196,49200,52393,52392,49171,49172,156,157,47,53,10;64250,0,23,65281,10,11,35,16,5,13,18,51,45,43,27,27242,21;ipv4-c034-fra002-ix.1.oca.nflxvideo.net;0x00006a6a,0x0000001d,0x00000017,0x00000018;0
45.57.74.148;10.0.2.16;443;50816;2;0x00000303;4865;43,51;;;
45.57.74.148;10.0.2.16;443;50818;2;0x00000303;4865;43,51;;;
10.0.2.16;45.57.17.143;48168;443;1;0x00000303;43690,4865,4866,4867,49195,49199,49196,49200,52393,52392,49171,49172,156,157,47,53,10;6682,0,23,65281,10,11,35,16,5,13,18,51,45,43,27,39578,21;ipv4-c028-vie001-ix.1.oca.nflxvideo.net;0x00007a7a,0x0000001d,0x00000017,0x00000018;0
10.0.2.16;45.57.17.143;48170;443;1;0x00000303;2570,4865,4866,4867,49195,49199,49196,49200,52393,52392,49171,49172,156,157,47,53,10;39578,0,23,65281,10,11,35,16,5,13,18,51,45,43,27,6682,21;ipv4-c028-vie001-ix.1.oca.nflxvideo.net;0x00008a8a,0x0000001d,0x00000017,0x00000018;0
45.57.17.143;10.0.2.16;443;48168;2;0x00000303;4865;43,51;;;
45.57.17.143;10.0.2.16;443;48170;2;0x00000303;4865;43,51;;;
10.0.2.16;45.57.74.199;37904;443;1;0x00000303;6682,4865,4866,4867,49195,49199,49196,49200,52393,52392,49171,49172,156,157,47,53,10;47802,0,23,65281,10,11,35,16,5,13,18,51,45,43,27,56026,21;ipv4-c128-fra002-ix.1.oca.nflxvideo.net;0x00002a2a,0x0000001d,0x00000017,0x00000018;0
45.57.74.199;10.0.2.16;443;37904;2;0x00000303;4865;43,51;;;
10.0.2.16;45.57.16.138;45594;443;1;0x00000303;2570,4865,4866,4867,49195,49199,49196,49200,52393,52392,49171,49172,156,157,47,53,10;14906,0,23,65281,10,11,35,16,5,13,18,51,45,43,27,23130,21;ipv4-c020-vie001-ix.1.oca.nflxvideo.net;0x00009a9a,0x0000001d,0x00000017,0x00000018;0
10.0.2.16;45.57.16.138;45596;443;1;0x00000303;10794,4865,4866,4867,49195,49199,49196,49200,52393,52392,49171,49172,156,157,47,53,10;23130,0,23,65281,10,11,35,16,5,13,18,51,45,43,27,31354,21;ipv4-c020-vie001-ix.1.oca.nflxvideo.net;0x00002a2a,0x0000001d,0x00000017,0x00000018;0
45.57.16.138;10.0.2.16;443;45594;2;0x00000303;4865;43,51;;;
45.57.16.138;10.0.2.16;443;45596;2;0x00000303;4865;43,51;;;
10.0.2.16;45.57.16.156;46228;443;1;0x00000303;10794,4865,4866,4867,49195,49199,49196,49200,52393,52392,49171,49172,156,157,47,53,10;14906,0,23,65281,10,11,35,16,5,13,18,51,45,43,27,2570,21;ipv4-c050-vie001-ix.1.oca.nflxvideo.net;0x00008a8a,0x0000001d,0x00000017,0x00000018;0
45.57.16.156;10.0.2.16;443;46228;2;0x00000303;4865;43,51;;;
10.0.2.16;45.57.75.157;50922;443;1;0x00000303;6682,4865,4866,4867,49195,49199,49196,49200,52393,52392,49171,49172,156,157,47,53,10;19018,0,23,65281,10,11,35,16,5,13,18,51,45,43,27,35466,21;ipv4-c068-fra002-ix.1.oca.nflxvideo.net;0x0000eaea,0x0000001d,0x00000017,0x00000018;0
10.0.2.16;45.57.75.157;50920;443;1;0x00000303;39578,4865,4866,4867,49195,49199,49196,49200,52393,52392,49171,49172,156,157,47,53,10;27242,0,23,65281,10,11,35,16,5,13,18,51,45,43,27,31354,21;ipv4-c068-fra002-ix.1.oca.nflxvideo.net;0x0000aaaa,0x0000001d,0x00000017,0x00000018;0
10.0.2.16;45.57.75.157;50924;443;1;0x00000303;14906,4865,4866,4867,49195,49199,49196,49200,52393,52392,49171,49172,156,157,47,53,10;56026,0,23,65281,10,11,35,16,5,13,18,51,45,43,27,51914,21;ipv4-c068-fra002-ix.1.oca.nflxvideo.net;0x0000eaea,0x0000001d,0x00000017,0x00000018;0
45.57.75.157;10.0.2.16;443;50922;2;0x00000303;4865;43,51;;;
45.57.75.157;10.0.2.16;443;50920;2;0x00000303;4865;43,51;;;
45.57.75.157;10.0.2.16;443;50924;2;0x00000303;4865;43,51;;;
10.0.2.16;35.190.88.7;58044;443;1;0x00000303;4865,4866,4867,49195,49196,52393,49199,49200,52392,49161,49162,49171,49172,156,157,47,53;0,23,65281,10,11,35,16,5,13,51,45,43,21;sessions.bugsnag.com;0x0000001d,0x00000017,0x00000018;0
35.190.88.7;10.0.2.16;443;58044;2;0x00000303;4865;51,43;;;
10.0.2.16;52.213.240.6;36846;443;1;0x00000303;47802,4865,4866,4867,49195,49199,49196,49200,52393,52392,49171,49172,156,157,47,53,10;27242,0,23,65281,10,11,35,16,5,13,18,51,45,43,27,10794,21;android-appboot.netflix.com;0x00008a8a,0x0000001d,0x00000017,0x00000018;0
52.213.240.6;10.0.2.16;443;36846;2;0x00000303;49199;65281,11;;;0,1,2
10.0.2.16;54.170.173.133;36188;443;1;0x00000303;6682,4865,4866,4867,49195,49199,49196,49200,52393,52392,49171,49172,156,157,47,53,10;31354,0,23,65281,10,11,35,16,5,13,18,51,45,43,27,51914,21;android-h2.prod.ftl.netflix.com;0x0000caca,0x0000001d,0x00000017,0x00000018;0
54.170.173.133;10.0.2.16;443;36188;2;0x00000303;4865;51,43;;;
10.0.2.16;52.211.179.103;60508;443;1;0x00000303;43690,4865,4866,4867,49195,49199,49196,49200,52393,52392,49171,49172,156,157,47,53,10;2570,0,23,65281,10,11,35,16,5,13,18,51,45,43,27,27242,21;android.prod.cloud.netflix.com;0x00008a8a,0x0000001d,0x00000017,0x00000018;0
52.211.179.103;10.0.2.16;443;60508;2;0x00000303;4865;51,43;;;
10.0.2.16;45.57.17.148;52918;443;1;0x00000303;31354,4865,4866,4867,49195,49199,49196,49200,52393,52392,49171,49172,156,157,47,53,10;19018,0,23,65281,10,11,35,16,5,13,18,51,45,43,27,64250,21;ipv4-c039-vie001-ix.1.oca.nflxvideo.net;0x0000aaaa,0x0000001d,0x00000017,0x00000018;0
10.0.2.16;45.57.17.148;52920;443;1;0x00000303;31354,4865,4866,4867,49195,49199,49196,49200,52393,52392,49171,49172,156,157,47,53,10;56026,0,23,65281,10,11,35,16,5,13,18,51,45,43,27,35466,21;ipv4-c039-vie001-ix.1.oca.nflxvideo.net;0x00008a8a,0x0000001d,0x00000017,0x00000018;0
10.0.2.16;45.57.17.145;36054;443;1;0x00000303;14906,4865,4866,4867,49195,49199,49196,49200,52393,52392,49171,49172,156,157,47,53,10;43690,0,23,65281,10,11,35,16,5,13,18,51,45,43,27,14906,21;ipv4-c036-vie001-ix.1.oca.nflxvideo.net;0x00006a6a,0x0000001d,0x00000017,0x00000018;0
45.57.17.148;10.0.2.16;443;52918;2;0x00000303;4865;43,51;;;
45.57.17.148;10.0.2.16;443;52920;2;0x00000303;4865;43,51;;;
45.57.17.145;10.0.2.16;443;36054;2;0x00000303;4865;43,51;;;
10.0.2.16;45.57.17.148;52924;443;1;0x00000303;10794,4865,4866,4867,49195,49199,49196,49200,52393,52392,49171,49172,156,157,47,53,10;64250,0,23,65281,10,11,35,16,5,13,18,51,45,43,27,10794,41;ipv4-c039-vie001-ix.1.oca.nflxvideo.net;0x0000baba,0x0000001d,0x00000017,0x00000018;0
45.57.17.148;10.0.2.16;443;52924;2;0x00000303;4865;43,51,41;;;
10.0.2.16;45.57.17.156;57530;443;1;0x00000303;47802,4865,4866,4867,49195,49199,49196,49200,52393,52392,49171,49172,156,157,47,53,10;47802,0,23,65281,10,11,35,16,5,13,18,51,45,43,27,10794,21;ipv4-c056-vie001-ix.1.oca.nflxvideo.net;0x00000a0a,0x0000001d,0x00000017,0x00000018;0
45.57.17.156;10.0.2.16;443;57530;2;0x00000303;4865;43,51;;;
10.0.2.16;45.57.16.139;51934;443;1;0x00000303;51914,4865,4866,4867,49195,49199,49196,49200,52393,52392,49171,49172,156,157,47,53,10;2570,0,23,65281,10,11,35,16,5,13,18,51,45,43,27,10794,21;occ-0-1490-1489.1.nflxso.net;0x00007a7a,0x0000001d,0x00000017,0x00000018;0
10.0.2.16;45.57.16.139;51936;443;1;0x00000303;51914,4865,4866,4867,49195,49199,49196,49200,52393,52392,49171,49172,156,157,47,53,10;19018,0,23,65281,10,11,35,16,5,13,18,51,45,43,27,2570,21;occ-0-1490-1489.1.nflxso.net;0x00006a6a,0x0000001d,0x00000017,0x00000018;0
45.57.16.139;10.0.2.16;443;51934;2;0x00000303;4865;43,51;;;
45.57.16.139;10.0.2.16;443;51936;2;0x00000303;4865;43,51;;;
10.0.2.16;45.57.16.139;51938;443;1;0x00000303;56026,4865,4866,4867,49195,49199,49196,49200,52393,52392,49171,49172,156,157,47,53,10;51914,0,23,65281,10,11,35,16,5,13,18,51,45,43,27,6682,41;occ-0-1490-1489.1.nflxso.net;0x00008a8a,0x0000001d,0x00000017,0x00000018;0
10.0.2.16;45.57.16.139;51940;443;1;0x00000303;35466,4865,4866,4867,49195,49199,49196,49200,52393,52392,49171,49172,156,157,47,53,10;35466,0,23,65281,10,11,35,16,5,13,18,51,45,43,27,2570,41;occ-0-1490-1489.1.nflxso.net;0x00002a2a,0x0000001d,0x00000017,0x00000018;0
45.57.16.139;10.0.2.16;443;51940;2;0x00000303;4865;43,51,41;;;
45.57.16.139;10.0.2.16;443;51938;2;0x00000303;4865;43,51,41;;;
10.0.2.16;45.57.16.139;51942;443;1;0x00000303;31354,4865,4866,4867,49195,49199,49196,49200,52393,52392,49171,49172,156,157,47,53,10;10794,0,23,65281,10,11,35,16,5,13,18,51,45,43,27,56026,21;occ-0-1490-1489.1.nflxso.net;0x00004a4a,0x0000001d,0x00000017,0x00000018;0
10.0.2.16;45.57.16.139;51944;443;1;0x00000303;27242,4865,4866,4867,49195,49199,49196,49200,52393,52392,49171,49172,156,157,47,53,10;10794,0,23,65281,10,11,35,16,5,13,18,51,45,43,27,19018,21;occ-0-1490-1489.1.nflxso.net;0x00007a7a,0x0000001d,0x00000017,0x00000018;0
45.57.16.139;10.0.2.16;443;51942;2;0x00000303;4865;43,51;;;
45.57.16.139;10.0.2.16;443;51944;2;0x00000303;4865;43,51;;;
10.0.2.16;45.57.17.136;49144;443;1;0x00000303;64250,4865,4866,4867,49195,49199,49196,49200,52393,52392,49171,49172,156,157,47,53,10;6682,0,23,65281,10,11,35,16,5,13,18,51,45,43,27,23130,21;ipv4-c014-vie001-ix.1.oca.nflxvideo.net;0x0000eaea,0x0000001d,0x00000017,0x00000018;0
10.0.2.16;45.57.75.172;33836;443;1;0x00000303;10794,4865,4866,4867,49195,49199,49196,49200,52393,52392,49171,49172,156,157,47,53,10;14906,0,23,65281,10,11,35,16,5,13,18,51,45,43,27,23130,21;ipv4-c083-fra002-ix.1.oca.nflxvideo.net;0x0000eaea,0x0000001d,0x00000017,0x00000018;0
10.0.2.16;45.57.75.172;33838;443;1;0x00000303;60138,4865,4866,4867,49195,49199,49196,49200,52393,52392,49171,49172,156,157,47,53,10;31354,0,23,65281,10,11,35,16,5,13,18,51,45,43,27,35466,21;ipv4-c083-fra002-ix.1.oca.nflxvideo.net;0x00003a3a,0x0000001d,0x00000017,0x00000018;0
45.57.17.136;10.0.2.16;443;49144;2;0x00000303;4865;43,51;;;
45.57.75.172;10.0.2.16;443;33836;2;0x00000303;4865;43,51;;;
45.57.75.172;10.0.2.16;443;33838;2;0x00000303;4865;43,51;;;
10.0.2.16;45.57.75.172;33844;443;1;0x00000303;14906,4865,4866,4867,49195,49199,49196,49200,52393,52392,49171,49172,156,157,47,53,10;64250,0,23,65281,10,11,35,16,5,13,18,51,45,43,27,27242,41;ipv4-c083-fra002-ix.1.oca.nflxvideo.net;0x0000eaea,0x0000001d,0x00000017,0x00000018;0
45.57.75.172;10.0.2.16;443;33844;2;0x00000303;4865;43,51,41;;;
10.0.2.16;45.57.75.199;40488;443;1;0x00000303;31354,4865,4866,4867,49195,49199,49196,49200,52393,52392,49171,49172,156,157,47,53,10;2570,0,23,65281,10,11,35,16,5,13,18,51,45,43,27,23130,21;ipv4-c134-fra002-ix.1.oca.nflxvideo.net;0x00002a2a,0x0000001d,0x00000017,0x00000018;0
45.57.75.199;10.0.2.16;443;40488;2;0x00000303;4865;43,51;;;
10.0.2.16;45.57.75.172;33842;443;1;0x00000303;47802,4865,4866,4867,49195,49199,49196,49200,52393,52392,49171,49172,156,157,47,53,10;39578,0,23,65281,10,11,35,16,5,13,18,51,45,43,27,51914,41;ipv4-c083-fra002-ix.1.oca.nflxvideo.net;0x0000baba,0x0000001d,0x00000017,0x00000018;0
45.57.75.172;10.0.2.16;443;33842;2;0x00000303;4865;43,51,41;;;
10.0.2.16;45.57.74.178;34398;443;1;0x00000303;23130,4865,4866,4867,49195,49199,49196,49200,52393,52392,49171,49172,156,157,47,53,10;35466,0,23,65281,10,11,35,16,5,13,18,51,45,43,27,43690,21;ipv4-c087-fra002-ix.1.oca.nflxvideo.net;0x00008a8a,0x0000001d,0x00000017,0x00000018;0
10.0.2.16;45.57.74.178;34400;443;1;0x00000303;60138,4865,4866,4867,49195,49199,49196,49200,52393,52392,49171,49172,156,157,47,53,10;6682,0,23,65281,10,11,35,16,5,13,18,51,45,43,27,43690,21;ipv4-c087-fra002-ix.1.oca.nflxvideo.net;0x0000fafa,0x0000001d,0x00000017,0x00000018;0
10.0.2.16;45.57.74.178;34402;443;1;0x00000303;2570,4865,4866,4867,49195,49199,49196,49200,52393,52392,49171,49172,156,157,47,53,10;47802,0,23,65281,10,11,35,16,5,13,18,51,45,43,27,39578,21;ipv4-c087-fra002-ix.1.oca.nflxvideo.net;0x0000aaaa,0x0000001d,0x00000017,0x00000018;0
45.57.74.178;10.0.2.16;443;34398;2;0x00000303;4865;43,51;;;
45.57.74.178;10.0.2.16;443;34400;2;0x00000303;4865;43,51;;;
45.57.74.178;10.0.2.16;443;34402;2;0x00000303;4865;43,51;;;
10.0.2.16;45.57.17.155;53504;443;1;0x00000303;2570,4865,4866,4867,49195,49199,49196,49200,52393,52392,49171,49172,156,157,47,53,10;43690,0,23,65281,10,11,35,16,5,13,18,51,45,43,27,27242,21;ipv4-c055-vie001-ix.1.oca.nflxvideo.net;0x0000eaea,0x0000001d,0x00000017,0x00000018;0
45.57.17.155;10.0.2.16;443;53504;2;0x00000303;4865;43,51;;;
10.0.2.16;45.57.17.140;40620;443;1;0x00000303;64250,4865,4866,4867,49195,49199,49196,49200,52393,52392,49171,49172,156,157,47,53,10;47802,0,23,65281,10,11,35,16,5,13,18,51,45,43,27,56026,21;ipv4-c018-vie001-ix.1.oca.nflxvideo.net;0x0000aaaa,0x0000001d,0x00000017,0x00000018;0
10.0.2.16;45.57.17.140;40622;443;1;0x00000303;43690,4865,4866,4867,49195,49199,49196,49200,52393,52392,49171,49172,156,157,47,53,10;19018,0,23,65281,10,11,35,16,5,13,18,51,45,43,27,43690,21;ipv4-c018-vie001-ix.1.oca.nflxvideo.net;0x0000eaea,0x0000001d,0x00000017,0x00000018;0
45.57.17.140;10.0.2.16;443;40620;2;0x00000303;4865;43,51;;;
45.57.17.140;10.0.2.16;443;40622;2;0x00000303;4865;43,51;;;
10.0.2.16;45.57.17.152;58694;443;1;0x00000303;2570,4865,4866,4867,49195,49199,49196,49200,52393,52392,49171,49172,156,157,47,53,10;56026,0,23,65281,10,11,35,16,5,13,18,51,45,43,27,47802,21;ipv4-c046-vie001-ix.1.oca.nflxvideo.net;0x00008a8a,0x0000001d,0x00000017,0x00000018;0
10.0.2.16;45.57.17.152;58696;443;1;0x00000303;64250,4865,4866,4867,49195,49199,49196,49200,52393,52392,49171,49172,156,157,47,53,10;10794,0,23,65281,10,11,35,16,5,13,18,51,45,43,27,64250,21;ipv4-c046-vie001-ix.1.oca.nflxvideo.net;0x0000aaaa,0x0000001d,0x00000017,0x00000018;0
45.57.17.152;10.0.2.16;443;58694;2;0x00000303;4865;43,51;;;
45.57.17.152;10.0.2.16;443;58696;2;0x00000303;4865;43,51;;;
10.0.2.16;45.57.17.138;49924;443;1;0x00000303;39578,4865,4866,4867,49195,49199,49196,49200,52393,52392,49171,49172,156,157,47,53,10;47802,0,23,65281,10,11,35,16,5,13,18,51,45,43,27,43690,21;ipv4-c016-vie001-ix.1.oca.nflxvideo.net;0x00006a6a,0x0000001d,0x00000017,0x00000018;0
45.57.17.138;10.0.2.16;443;49924;2;0x00000303;4865;43,51;;;
10.0.2.16;45.57.17.158;59914;443;1;0x00000303;51914,4865,4866,4867,49195,49199,49196,49200,52393,52392,49171,49172,156,157,47,53,10;10794,0,23,65281,10,11,35,16,5,13,18,51,45,43,27,51914,21;ipv4-c058-vie001-ix.1.oca.nflxvideo.net;0x00002a2a,0x0000001d,0x00000017,0x00000018;0
45.57.17.158;10.0.2.16;443;59914;2;0x00000303;4865;43,51;;;
10.0.2.16;35.190.88.7;58106;443;1;0x00000303;4865,4866,4867,49195,49196,52393,49199,49200,52392,49161,49162,49171,49172,156,157,47,53;0,23,65281,10,11,35,16,5,13,51,45,43,21;sessions.bugsnag.com;0x0000001d,0x00000017,0x00000018;0
35.190.88.7;10.0.2.16;443;58106;2;0x00000303;4865;51,43;;;
10.0.2.16;52.30.171.29;41280;443;1;0x00000303;47802,4865,4866,4867,49195,49199,49196,49200,52393,52392,49171,49172,156,157,47,53,10;35466,0,23,65281,10,11,35,16,5,13,18,51,45,43,27,31354,21;android-appboot.netflix.com;0x0000fafa,0x0000001d,0x00000017,0x00000018;0
52.30.171.29;10.0.2.16;443;41280;2;0x00000303;49199;65281,11;;;0,1,2
10.0.2.16;99.81.251.69;39128;443;1;0x00000303;51914,4865,4866,4867,49195,49199,49196,49200,52393,52392,49171,49172,156,157,47,53,10;56026,0,23,65281,10,11,35,16,5,13,18,51,45,43,27,14906,21;android-h2.prod.ftl.netflix.com;0x0000eaea,0x0000001d,0x00000017,0x00000018;0
99.81.251.69;10.0.2.16;443;39128;2;0x00000303;4865;51,43;;;
10.0.2.16;34.255.15.69;42002;443;1;0x00000303;31354,4865,4866,4867,49195,49199,49196,49200,52393,52392,49171,49172,156,157,47,53,10;2570,0,23,65281,10,11,35,16,5,13,18,51,45,43,27,43690,21;android.prod.cloud.netflix.com;0x0000baba,0x0000001d,0x00000017,0x00000018;0
34.255.15.69;10.0.2.16;443;42002;2;0x00000303;4865;51,43;;;
10.0.2.16;45.57.16.137;39378;443;1;0x00000303;31354,4865,4866,4867,49195,49199,49196,49200,52393,52392,49171,49172,156,157,47,53,10;39578,0,23,65281,10,11,35,16,5,13,18,51,45,43,27,64250,21;occ-0-1490-1489.1.nflxso.net;0x00002a2a,0x0000001d,0x00000017,0x00000018;0
45.57.16.137;10.0.2.16;443;39378;2;0x00000303;4865;43,51;;;
10.0.2.16;45.57.16.137;39380;443;1;0x00000303;64250,4865,4866,4867,49195,49199,49196,49200,52393,52392,49171,49172,156,157,47,53,10;2570,0,23,65281,10,11,35,16,5,13,18,51,45,43,27,35466,41;occ-0-1490-1489.1.nflxso.net;0x00005a5a,0x0000001d,0x00000017,0x00000018;0
10.0.2.16;45.57.16.137;39382;443;1;0x00000303;23130,4865,4866,4867,49195,49199,49196,49200,52393,52392,49171,49172,156,157,47,53,10;31354,0,23,65281,10,11,35,16,5,13,18,51,45,43,27,47802,41;occ-0-1490-1489.1.nflxso.net;0x0000caca,0x0000001d,0x00000017,0x00000018;0
45.57.16.137;10.0.2.16;443;39380;2;0x00000303;4865;43,51,41;;;
45.57.16.137;10.0.2.16;443;39382;2;0x00000303;4865;43,51,41;;;
10.0.2.16;45.57.17.155;53536;443;1;0x00000303;6682,4865,4866,4867,49195,49199,49196,49200,52393,52392,49171,49172,156,157,47,53,10;19018,0,23,65281,10,11,35,16,5,13,18,51,45,43,27,51914,21;ipv4-c055-vie001-ix.1.oca.nflxvideo.net;0x00009a9a,0x0000001d,0x00000017,0x00000018;0
10.0.2.16;45.57.17.155;53534;443;1;0x00000303;43690,4865,4866,4867,49195,49199,49196,49200,52393,52392,49171,49172,156,157,47,53,10;56026,0,23,65281,10,11,35,16,5,13,18,51,45,43,27,51914,21;ipv4-c055-vie001-ix.1.oca.nflxvideo.net;0x00002a2a,0x0000001d,0x00000017,0x00000018;0
10.0.2.16;45.57.17.155;53532;443;1;0x00000303;14906,4865,4866,4867,49195,49199,49196,49200,52393,52392,49171,49172,156,157,47,53,10;43690,0,23,65281,10,11,35,16,5,13,18,51,45,43,27,6682,21;ipv4-c055-vie001-ix.1.oca.nflxvideo.net;0x0000baba,0x0000001d,0x00000017,0x00000018;0
45.57.17.155;10.0.2.16;443;53534;2;0x00000303;4865;43,51;;;
45.57.17.155;10.0.2.16;443;53536;2;0x00000303;4865;43,51;;;
45.57.17.155;10.0.2.16;443;53532;2;0x00000303;4865;43,51;;;
10.0.2.16;13.107.42.14;35578;443;1;0x00000303;2570,4865,4866,4867,49195,49199,49196,49200,52393,52392,49171,49172,156,157,47,53;27242,0,23,65281,10,11,35,16,5,13,18,51,45,43,27,60138;www.linkedin.com;0x00005a5a,0x0000001d,0x00000017,0x00000018;0
13.107.42.14;10.0.2.16;443;35578;2;0x00000303;49200;16,23,65281;;;
10.0.2.16;45.57.74.157;47212;443;1;0x00000303;31354,4865,4866,4867,49195,49199,49196,49200,52393,52392,49171,49172,156,157,47,53,10;31354,0,23,65281,10,11,35,16,5,13,18,51,45,43,27,64250,21;ipv4-c043-fra002-ix.1.oca.nflxvideo.net;0x0000eaea,0x0000001d,0x00000017,0x00000018;0
10.0.2.16;45.57.74.157;47216;443;1;0x00000303;6682,4865,4866,4867,49195,49199,49196,49200,52393,52392,49171,49172,156,157,47,53,10;19018,0,23,65281,10,11,35,16,5,13,18,51,45,43,27,51914,21;ipv4-c043-fra002-ix.1.oca.nflxvideo.net;0x00001a1a,0x0000001d,0x00000017,0x00000018;0
10.0.2.16;45.57.74.157;47214;443;1;0x00000303;23130,4865,4866,4867,49195,49199,49196,49200,52393,52392,49171,49172,156,157,47,53,10;64250,0,23,65281,10,11,35,16,5,13,18,51,45,43,27,23130,21;ipv4-c043-fra002-ix.1.oca.nflxvideo.net;0x0000eaea,0x0000001d,0x00000017,0x00000018;0
45.57.74.157;10.0.2.16;443;47212;2;0x00000303;4865;43,51;;;
45.57.74.157;10.0.2.16;443;47216;2;0x00000303;4865;43,51;;;
45.57.74.157;10.0.2.16;443;47214;2;0x00000303;4865;43,51;;;
10.0.2.16;45.57.17.149;39064;443;1;0x00000303;23130,4865,4866,4867,49195,49199,49196,49200,52393,52392,49171,49172,156,157,47,53,10;39578,0,23,65281,10,11,35,16,5,13,18,51,45,43,27,19018,21;ipv4-c040-vie001-ix.1.oca.nflxvideo.net;0x00009a9a,0x0000001d,0x00000017,0x00000018;0
45.57.17.149;10.0.2.16;443;39064;2;0x00000303;4865;43,51;;;
10.0.2.16;45.57.16.157;57530;443;1;0x00000303;47802,4865,4866,4867,49195,49199,49196,49200,52393,52392,49171,49172,156,157,47,53,10;47802,0,23,65281,10,11,35,16,5,13,18,51,45,43,27,60138,21;ipv4-c051-vie001-ix.1.oca.nflxvideo.net;0x00001a1a,0x0000001d,0x00000017,0x00000018;0
10.0.2.16;45.57.16.135;34952;443;1;0x00000303;19018,4865,4866,4867,49195,49199,49196,49200,52393,52392,49171,49172,156,157,47,53,10;10794,0,23,65281,10,11,35,16,5,13,18,51,45,43,27,56026,21;ipv4-c009-vie001-ix.1.oca.nflxvideo.net;0x00002a2a,0x0000001d,0x00000017,0x00000018;0
45.57.16.157;10.0.2.16;443;57530;2;0x00000303;4865;43,51;;;
45.57.16.135;10.0.2.16;443;34952;2;0x00000303;4865;43,51;;;
10.0.2.16;45.57.16.135;34954;443;1;0x00000303;35466,4865,4866,4867,49195,49199,49196,49200,52393,52392,49171,49172,156,157,47,53,10;6682,0,23,65281,10,11,35,16,5,13,18,51,45,43,27,64250,41;ipv4-c009-vie001-ix.1.oca.nflxvideo.net;0x0000eaea,0x0000001d,0x00000017,0x00000018;0
10.0.2.16;45.57.16.140;38220;443;1;0x00000303;64250,4865,4866,4867,49195,49199,49196,49200,52393,52392,49171,49172,156,157,47,53,10;23130,0,23,65281,10,11,35,16,5,13,18,51,45,43,27,31354,21;ipv4-c022-vie001-ix.1.oca.nflxvideo.net;0x0000caca,0x0000001d,0x00000017,0x00000018;0
45.57.16.135;10.0.2.16;443;34954;2;0x00000303;4865;43,51,41;;;
45.57.16.140;10.0.2.16;443;38220;2;0x00000303;4865;43,51;;;
10.0.2.16;45.57.74.150;39942;443;1;0x00000303;35466,4865,4866,4867,49195,49199,49196,49200,52393,52392,49171,49172,156,157,47,53,10;10794,0,23,65281,10,11,35,16,5,13,18,51,45,43,27,14906,21;ipv4-c036-fra002-ix.1.oca.nflxvideo.net;0x00004a4a,0x0000001d,0x00000017,0x00000018;0
10.0.2.16;45.57.74.150;39944;443;1;0x00000303;27242,4865,4866,4867,49195,49199,49196,49200,52393,52392,49171,49172,156,157,47,53,10;35466,0,23,65281,10,11,35,16,5,13,18,51,45,43,27,39578,21;ipv4-c036-fra002-ix.1.oca.nflxvideo.net;0x0000eaea,0x0000001d,0x00000017,0x00000018;0
45.57.74.150;10.0.2.16;443;39942;2;0x00000303;4865;43,51;;;
45.57.74.150;10.0.2.16;443;39944;2;0x00000303;4865;43,51;;;
10.0.2.16;45.57.17.158;59958;443;1;0x00000303;6682,4865,4866,4867,49195,49199,49196,49200,52393,52392,49171,49172,156,157,47,53,10;60138,0,23,65281,10,11,35,16,5,13,18,51,45,43,27,51914,21;ipv4-c058-vie001-ix.1.oca.nflxvideo.net;0x00007a7a,0x0000001d,0x00000017,0x00000018;0
45.57.17.158;10.0.2.16;443;59958;2;0x00000303;4865;43,51;;;
10.0.2.16;45.57.17.150;59694;443;1;0x00000303;43690,4865,4866,4867,49195,49199,49196,49200,52393,52392,49171,49172,156,157,47,53,10;35466,0,23,65281,10,11,35,16,5,13,18,51,45,43,27,10794,21;ipv4-c044-vie001-ix.1.oca.nflxvideo.net;0x0000eaea,0x0000001d,0x00000017,0x00000018;0
45.57.17.150;10.0.2.16;443;59694;2;0x00000303;4865;43,51;;;
10.0.2.16;45.57.74.168;50478;443;1;0x00000303;6682,4865,4866,4867,49195,49199,49196,49200,52393,52392,49171,49172,156,157,47,53,10;47802,0,23,65281,10,11,35,16,5,13,18,51,45,43,27,43690,21;ipv4-c002-fra002-dev-ix.1.oca.nflxvideo.net;0x00004a4a,0x0000001d,0x00000017,0x00000018;0
10.0.2.16;45.57.74.168;50480;443;1;0x00000303;47802,4865,4866,4867,49195,49199,49196,49200,52393,52392,49171,49172,156,157,47,53,10;19018,0,23,65281,10,11,35,16,5,13,18,51,45,43,27,56026,21;ipv4-c002-fra002-dev-ix.1.oca.nflxvideo.net;0x00000a0a,0x0000001d,0x00000017,0x00000018;0
10.0.2.16;45.57.74.168;50482;443;1;0x00000303;64250,4865,4866,4867,49195,49199,49196,49200,52393,52392,49171,49172,156,157,47,53,10;39578,0,23,65281,10,11,35,16,5,13,18,51,45,43,27,19018,21;ipv4-c002-fra002-dev-ix.1.oca.nflxvideo.net;0x00008a8a,0x0000001d,0x00000017,0x00000018;0
45.57.74.168;10.0.2.16;443;50478;2;0x00000303;4865;43,51;;;
45.57.74.168;10.0.2.16;443;50480;2;0x00000303;4865;43,51;;;
45.57.74.168;10.0.2.16;443;50482;2;0x00000303;4865;43,51;;;
10.0.2.16;45.57.17.135;53230;443;1;0x00000303;31354,4865,4866,4867,49195,49199,49196,49200,52393,52392,49171,49172,156,157,47,53,10;56026,0,23,65281,10,11,35,16,5,13,18,51,45,43,27,39578,21;ipv4-c013-vie001-ix.1.oca.nflxvideo.net;0x00004a4a,0x0000001d,0x00000017,0x00000018;0
45.57.17.135;10.0.2.16;443;53230;2;0x00000303;4865;43,51;;;
10.0.2.16;54.148.66.97;35378;443;1;0x00000303;4865,4866,4867,49195,49196,52393,49199,49200,52392,49171,49172,156,157,47,53;0,23,65281,10,11,35,16,5,13,51,45,43,21;video-edge-21aea0.pdx01.abs.hls.ttvnw.net;0x0000001d,0x00000017,0x00000018;0
54.148.66.97;10.0.2.16;443;35378;2;0x00000303;49199;65281,11,35,16;;;0,1,2
10.0.2.16;45.57.74.158;37898;443;1;0x00000303;23130,4865,4866,4867,49195,49199,49196,49200,52393,52392,49171,49172,156,157,47,53,10;64250,0,23,65281,10,11,35,16,5,13,18,51,45,43,27,19018,21;ipv4-c044-fra002-ix.1.oca.nflxvideo.net;0x00002a2a,0x0000001d,0x00000017,0x00000018;0
10.0.2.16;45.57.74.158;37900;443;1;0x00000303;14906,4865,4866,4867,49195,49199,49196,49200,52393,52392,49171,49172,156,157,47,53,10;27242,0,23,65281,10,11,35,16,5,13,18,51,45,43,27,10794,21;ipv4-c044-fra002-ix.1.oca.nflxvideo.net;0x0000aaaa,0x0000001d,0x00000017,0x00000018;0
10.0.2.16;45.57.74.158;37902;443;1;0x00000303;51914,4865,4866,4867,49195,49199,49196,49200,52393,52392,49171,49172,156,157,47,53,10;39578,0,23,65281,10,11,35,16,5,13,18,51,45,43,27,56026,21;ipv4-c044-fra002-ix.1.oca.nflxvideo.net;0x00003a3a,0x0000001d,0x00000017,0x00000018;0
45.57.74.158;10.0.2.16;443;37898;2;0x00000303;4865;43,51;;;
45.57.74.158;10.0.2.16;443;37900;2;0x00000303;4865;43,51;;;
45.57.74.158;10.0.2.16;443;37902;2;0x00000303;4865;43,51;;;
