10.0.2.16;172.217.23.234;44302;443;1;0x00000303;4865,4866,4867,49195,49196,52393,49199,49200,52392,49161,49162,49171,49172,156,157,47,53;0,23,65281,10,11,35,16,5,13,51,45,43,21;firebaseinstallations.googleapis.com;0x0000001d,0x00000017,0x00000018;0
172.217.23.234;10.0.2.16;443;44302;2;0x00000303;4865;51,43;;;
10.0.2.16;151.101.193.140;38804;443;1;0x00000303;4865,4866,4867,49195,49196,52393,49199,49200,52392,49171,49172,156,157,47,53;0,23,65281,10,11,35,16,5,13,51,45,43,21;www.redditstatic.com;0x0000001d,0x00000017,0x00000018;0
10.0.2.16;151.101.193.140;38802;443;1;0x00000303;4865,4866,4867,49195,49196,52393,49199,49200,52392,49171,49172,156,157,47,53;0,23,65281,10,11,35,16,5,13,51,45,43,21;www.redditstatic.com;0x0000001d,0x00000017,0x00000018;0
10.0.2.16;151.101.193.140;38800;443;1;0x00000303;4865,4866,4867,49195,49196,52393,49199,49200,52392,49171,49172,156,157,47,53;0,23,65281,10,11,35,16,5,13,51,45,43,21;www.redditstatic.com;0x0000001d,0x00000017,0x00000018;0
10.0.2.16;151.101.193.140;38798;443;1;0x00000303;4865,4866,4867,49195,49196,52393,49199,49200,52392,49171,49172,156,157,47,53;0,23,65281,10,11,35,16,5,13,51,45,43,21;www.redditstatic.com;0x0000001d,0x00000017,0x00000018;0
151.101.193.140;10.0.2.16;443;38804;2;0x00000303;49199;65281,0,11,35,5,16,23;;;0,1,2
151.101.193.140;10.0.2.16;443;38802;2;0x00000303;49199;65281,0,11,35,5,16,23;;;0,1,2
151.101.193.140;10.0.2.16;443;38800;2;0x00000303;49199;65281,0,11,35,5,16,23;;;0,1,2
151.101.193.140;10.0.2.16;443;38798;2;0x00000303;49199;65281,0,11,35,5,16,23;;;0,1,2
10.0.2.16;151.101.1.140;34600;443;1;0x00000303;4865,4866,4867,49195,49196,52393,49199,49200,52392,49171,49172,156,157,47,53;0,23,65281,10,11,35,16,5,13,51,45,43,21;accounts.reddit.com;0x0000001d,0x00000017,0x00000018;0
151.101.1.140;10.0.2.16;443;34600;2;0x00000303;49199;65281,0,11,35,5,16,23;;;0,1,2
10.0.2.16;172.217.23.238;46894;443;1;0x00000303;4865,4866,4867,49195,49196,52393,49199,49200,52392,49161,49162,49171,49172,156,157,47,53;0,23,65281,10,11,5,13,51,45,43,41;android.clients.google.com;0x0000001d,0x00000017,0x00000018;0
172.217.23.238;10.0.2.16;443;46894;2;0x00000303;4865;41,51,43;;;
10.0.2.16;172.217.23.227;35976;443;1;0x00000303;4865,4866,4867,49195,49196,52393,49199,49200,52392,49171,49172,156,157,47,53;0,23,65281,10,11,35,16,5,13,51,45,43,21;firebase-settings.crashlytics.com;0x0000001d,0x00000017,0x00000018;0
172.217.23.227;10.0.2.16;443;35976;2;0x00000303;4865;51,43;;;
10.0.2.16;99.86.242.67;41788;443;1;0x00000303;4865,4866,4867,49195,49196,52393,49199,49200,52392,49161,49162,49171,49172,156,157,47,53;0,23,65281,10,11,35,16,5,13,51,45,43,21;api2.branch.io;0x0000001d,0x00000017,0x00000018;0
99.86.242.67;10.0.2.16;443;41788;2;0x00000303;4865;43,51;;;
10.0.2.16;99.86.242.84;54814;443;1;0x00000303;4865,4866,4867,49195,49196,52393,49199,49200,52392,49161,49162,49171,49172,156,157,47,53;0,23,65281,10,11,35,16,5,13,51,45,43,21;cdn.branch.io;0x0000001d,0x00000017,0x00000018;0
99.86.242.84;10.0.2.16;443;54814;2;0x00000303;4865;43,51;;;
10.0.2.16;216.58.201.74;44802;443;1;0x00000303;4865,4866,4867,49195,49196,52393,49199,49200,52392,49161,49162,49171,49172,156,157,47,53;0,23,65281,10,11,5,13,30032,51,45,43,41;android.googleapis.com;0x0000001d,0x00000017,0x00000018;0
216.58.201.74;10.0.2.16;443;44802;2;0x00000303;4865;41,51,43;;;
10.0.2.16;216.58.201.74;44804;443;1;0x00000303;4865,4866,4867,49195,49196,52393,49199,49200,52392,49161,49162,49171,49172,156,157,47,53;0,23,65281,10,11,35,16,5,13,51,45,43,21;firebaseremoteconfig.googleapis.com;0x0000001d,0x00000017,0x00000018;0
216.58.201.74;10.0.2.16;443;44804;2;0x00000303;4865;51,43;;;
10.0.2.16;99.86.242.126;48422;443;1;0x00000303;4865,4866,4867,49195,49196,52393,49199,49200,52392,49161,49162,49171,49172,156,157,47,53;0,23,65281,10,11,35,16,5,13,51,45,43,21;conversions.appsflyer.com;0x0000001d,0x00000017,0x00000018;0
99.86.242.126;10.0.2.16;443;48422;2;0x00000303;4865;43,51;;;
10.0.2.16;99.86.242.14;43332;443;1;0x00000303;4865,4866,4867,49195,49196,52393,49199,49200,52392,49161,49162,49171,49172,156,157,47,53;0,23,65281,10,11,35,16,5,13,51,45,43,21;gcdsdk.appsflyer.com;0x0000001d,0x00000017,0x00000018;0
10.0.2.16;99.86.242.83;37406;443;1;0x00000303;4865,4866,4867,49195,49196,52393,49199,49200,52392,49161,49162,49171,49172,156,157,47,53;0,23,65281,10,11,35,16,5,13,51,45,43,21;register.appsflyer.com;0x0000001d,0x00000017,0x00000018;0
99.86.242.14;10.0.2.16;443;43332;2;0x00000303;4865;43,51;;;
99.86.242.83;10.0.2.16;443;37406;2;0x00000303;4865;43,51;;;
10.0.2.16;172.217.23.194;60100;443;1;0x00000303;49195,49196,52393,49199,49200,52392,49161,49162,49171,49172,156,157,47,53;0,23,65281,10,11,35,16,5,13;www.googleadservices.com;0x0000001d,0x00000017,0x00000018;0
172.217.23.194;10.0.2.16;443;60100;2;0x00000303;49195;23,65281,11,35,16;;;0
10.0.2.16;172.217.23.230;56532;443;1;0x00000303;49195,49196,52393,49199,49200,52392,49161,49162,49171,49172,156,157,47,53;0,23,65281,10,11,35,16,5,13;ad.doubleclick.net;0x0000001d,0x00000017,0x00000018;0
172.217.23.230;10.0.2.16;443;56532;2;0x00000303;49195;23,65281,11,35,16;;;0
10.0.2.16;172.217.23.226;58206;443;1;0x00000303;49195,49196,52393,49199,49200,52392,49161,49162,49171,49172,156,157,47,53;0,23,65281,10,11,35,16,5,13;adservice.google.com;0x0000001d,0x00000017,0x00000018;0
172.217.23.226;10.0.2.16;443;58206;2;0x00000303;49195;23,65281,11,35,16;;;0
10.0.2.16;172.217.23.202;49810;443;1;0x00000303;19018,4865,4866,4867,49195,49199,49196,49200,52393,52392,49171,49172,156,157,47,53;39578,0,23,65281,10,11,35,16,5,13,18,51,45,43,27,10794,21;youtubei.googleapis.com;0x0000caca,0x0000001d,0x00000017,0x00000018;0
10.0.2.16;172.217.23.246;36084;443;1;0x00000303;31354,4865,4866,4867,49195,49199,49196,49200,52393,52392,49171,49172,156,157,47,53;47802,0,23,65281,10,11,35,16,5,13,18,51,45,43,27,19018,21;i.ytimg.com;0x00009a9a,0x0000001d,0x00000017,0x00000018;0
172.217.23.202;10.0.2.16;443;49810;2;0x00000303;4865;51,43;;;
172.217.23.246;10.0.2.16;443;36084;2;0x00000303;4865;51,43;;;
10.0.2.16;172.217.23.194;60110;443;1;0x00000303;23130,4865,4866,4867,49195,49199,49196,49200,52393,52392,49171,49172,156,157,47,53;31354,0,23,65281,10,11,35,16,5,13,18,51,45,43,27,64250,21;www.googleadservices.com;0x00006a6a,0x0000001d,0x00000017,0x00000018;0
172.217.23.194;10.0.2.16;443;60110;2;0x00000303;4865;51,43;;;
10.0.2.16;104.244.42.66;42702;443;1;0x00000303;4865,4866,4867,49195,49196,52393,49199,49200,52392,49171,49172,156,157,47,53;0,23,65281,10,11,35,16,5,13,51,45,43,21;api.twitter.com;0x0000001d,0x00000017,0x00000018;0
10.0.2.16;104.244.42.66;42700;443;1;0x00000303;4865,4866,4867,49195,49196,52393,49199,49200,52392,49171,49172,156,157,47,53;0,23,65281,10,11,35,16,5,13,51,45,43,21;api.twitter.com;0x0000001d,0x00000017,0x00000018;0
104.244.42.66;10.0.2.16;443;42702;2;0x00000303;49199;65281,11,35,16;;;0,1,2
104.244.42.66;10.0.2.16;443;42700;2;0x00000303;49199;65281,11,35,16;;;0,1,2
10.0.2.16;104.244.42.131;49286;443;1;0x00000303;4865,4866,4867,49195,49196,52393,49199,49200,52392,49171,49172,156,157,47,53;0,23,65281,10,11,35,16,5,13,51,45,43,21;probe.twitter.com;0x0000001d,0x00000017,0x00000018;0
104.244.42.131;10.0.2.16;443;49286;2;0x00000303;49199;65281,11,35,16;;;0,1,2
10.0.2.16;209.237.198.128;37540;443;1;0x00000303;4865,4866,4867,49195,49196,52393,49199,49200,52392,49171,49172,156,157,47,53;0,23,65281,10,11,35,16,5,13,51,45,43,21;api-0-4-3.twitter.com;0x0000001d,0x00000017,0x00000018;0
209.237.198.128;10.0.2.16;443;37540;2;0x00000303;49199;65281,11,35,16;;;0,1,2
10.0.2.16;209.237.198.128;37542;443;1;0x00000303;4865,4866,4867,49195,49196,52393,49199,49200,52392,49171,49172,156,157,47,53;0,23,65281,10,11,35,16,5,13,51,45,43,21;api-0-4-3.twitter.com;0x0000001d,0x00000017,0x00000018;0
209.237.198.128;10.0.2.16;443;37542;2;0x00000303;49199;65281,11,35,16;;;0,1,2
10.0.2.16;172.217.23.206;38222;443;1;0x00000303;49195,49196,52393,49199,49200,52392,49161,49162,49171,49172,156,157,47,53;0,23,65281,10,11,35,16,5,13,21;app-measurement.com;0x0000001d,0x00000017,0x00000018;0
172.217.23.206;10.0.2.16;443;38222;2;0x00000303;49195;23,65281,11,16;;;0
10.0.2.16;151.101.129.140;58426;443;1;0x00000303;4865,4866,4867,49195,49196,52393,49199,49200,52392,49171,49172,156,157,47,53;0,23,65281,10,11,35,16,5,13,51,45,43,21;gql.reddit.com;0x0000001d,0x00000017,0x00000018;0
151.101.129.140;10.0.2.16;443;58426;2;0x00000303;49199;65281,0,11,35,5,16,23;;;0,1,2
10.0.2.16;99.86.242.44;57886;443;1;0x00000303;4865,4866,4867,49195,49196,52393,49199,49200,52392,49161,49162,49171,49172,156,157,47,53;0,23,65281,10,11,35,16,5,13,51,45,43,21;launches.appsflyer.com;0x0000001d,0x00000017,0x00000018;0
99.86.242.44;10.0.2.16;443;57886;2;0x00000303;4865;43,51;;;
10.0.2.16;151.101.129.140;58430;443;1;0x00000303;4865,4866,4867,49195,49196,52393,49199,49200,52392,49171,49172,156,157,47,53;0,23,65281,10,11,35,16,5,13,51,45,43,21;www.redditstatic.com;0x0000001d,0x00000017,0x00000018;0
10.0.2.16;151.101.65.140;45202;443;1;0x00000303;4865,4866,4867,49195,49196,52393,49199,49200,52392,49171,49172,156,157,47,53;0,23,65281,10,11,35,16,5,13,51,45,43,21;preview.redd.it;0x0000001d,0x00000017,0x00000018;0
10.0.2.16;151.101.129.140;58436;443;1;0x00000303;4865,4866,4867,49195,49196,52393,49199,49200,52392,49171,49172,156,157,47,53;0,23,65281,10,11,35,16,5,13,51,45,43,21;www.redditstatic.com;0x0000001d,0x00000017,0x00000018;0
10.0.2.16;151.101.129.140;58438;443;1;0x00000303;4865,4866,4867,49195,49196,52393,49199,49200,52392,49171,49172,156,157,47,53;0,23,65281,10,11,35,16,5,13,51,45,43,21;www.redditstatic.com;0x0000001d,0x00000017,0x00000018;0
10.0.2.16;151.101.65.140;45204;443;1;0x00000303;4865,4866,4867,49195,49196,52393,49199,49200,52392,49171,49172,156,157,47,53;0,23,65281,10,11,35,16,5,13,51,45,43,21;preview.redd.it;0x0000001d,0x00000017,0x00000018;0
151.101.129.140;10.0.2.16;443;58430;2;0x00000303;49199;65281,16,23;;;
10.0.2.16;151.101.65.140;45210;443;1;0x00000303;4865,4866,4867,49195,49196,52393,49199,49200,52392,49171,49172,156,157,47,53;0,23,65281,10,11,35,16,5,13,51,45,43,21;preview.redd.it;0x0000001d,0x00000017,0x00000018;0
10.0.2.16;151.101.129.140;58442;443;1;0x00000303;4865,4866,4867,49195,49196,52393,49199,49200,52392,49171,49172,156,157,47,53;0,23,65281,10,11,35,16,5,13,51,45,43,21;www.redditstatic.com;0x0000001d,0x00000017,0x00000018;0
151.101.129.140;10.0.2.16;443;58436;2;0x00000303;49199;65281,16,23;;;
151.101.65.140;10.0.2.16;443;45202;2;0x00000303;49199;65281,0,11,35,5,16,23;;;0,1,2
151.101.129.140;10.0.2.16;443;58438;2;0x00000303;49199;65281,16,23;;;
151.101.65.140;10.0.2.16;443;45204;2;0x00000303;49199;65281,0,11,35,5,16,23;;;0,1,2
10.0.2.16;151.101.65.140;45214;443;1;0x00000303;4865,4866,4867,49195,49196,52393,49199,49200,52392,49171,49172,156,157,47,53;0,23,65281,10,11,35,16,5,13,51,45,43,21;preview.redd.it;0x0000001d,0x00000017,0x00000018;0
151.101.65.140;10.0.2.16;443;45210;2;0x00000303;49199;65281,0,11,35,5,16,23;;;0,1,2
151.101.129.140;10.0.2.16;443;58442;2;0x00000303;49199;65281,16,23;;;
151.101.65.140;10.0.2.16;443;45214;2;0x00000303;49199;65281,0,11,35,5,16,23;;;0,1,2
10.0.2.16;151.101.65.140;45216;443;1;0x00000303;4865,4866,4867,49195,49196,52393,49199,49200,52392,49171,49172,156,157,47,53;0,23,65281,10,11,35,16,5,13,51,45,43,21;styles.redditmedia.com;0x0000001d,0x00000017,0x00000018;0
10.0.2.16;151.101.129.140;58448;443;1;0x00000303;4865,4866,4867,49195,49196,52393,49199,49200,52392,49171,49172,156,157,47,53;0,23,65281,10,11,35,16,5,13,51,45,43,21;b.thumbs.redditmedia.com;0x0000001d,0x00000017,0x00000018;0
10.0.2.16;151.101.193.140;38872;443;1;0x00000303;4865,4866,4867,49195,49196,52393,49199,49200,52392,49171,49172,156,157,47,53;0,23,65281,10,11,35,16,5,13,51,45,43,21;external-preview.redd.it;0x0000001d,0x00000017,0x00000018;0
10.0.2.16;151.101.193.140;38874;443;1;0x00000303;4865,4866,4867,49195,49196,52393,49199,49200,52392,49171,49172,156,157,47,53;0,23,65281,10,11,35,16,5,13,51,45,43,21;external-preview.redd.it;0x0000001d,0x00000017,0x00000018;0
10.0.2.16;151.101.193.140;38876;443;1;0x00000303;4865,4866,4867,49195,49196,52393,49199,49200,52392,49171,49172,156,157,47,53;0,23,65281,10,11,35,16,5,13,51,45,43,21;external-preview.redd.it;0x0000001d,0x00000017,0x00000018;0
10.0.2.16;151.101.65.140;45226;443;1;0x00000303;4865,4866,4867,49195,49196,52393,49199,49200,52392,49171,49172,156,157,47,53;0,23,65281,10,11,35,16,5,13,51,45,43,21;styles.redditmedia.com;0x0000001d,0x00000017,0x00000018;0
151.101.65.140;10.0.2.16;443;45216;2;0x00000303;49199;65281,0,11,35,5,16,23;;;0,1,2
151.101.129.140;10.0.2.16;443;58448;2;0x00000303;49199;65281,0,11,35,5,16,23;;;0,1,2
151.101.193.140;10.0.2.16;443;38872;2;0x00000303;49199;65281,0,11,35,5,16,23;;;0,1,2
151.101.193.140;10.0.2.16;443;38874;2;0x00000303;49199;65281,0,11,35,5,16,23;;;0,1,2
151.101.193.140;10.0.2.16;443;38876;2;0x00000303;49199;65281,0,11,35,5,16,23;;;0,1,2
151.101.65.140;10.0.2.16;443;45226;2;0x00000303;49199;65281,0,11,35,5,16,23;;;0,1,2
10.0.2.16;151.101.129.140;58462;443;1;0x00000303;4865,4866,4867,49195,49196,52393,49199,49200,52392,49171,49172,156,157,47,53;0,23,65281,10,11,35,16,5,13,51,45,43,21;v.redd.it;0x0000001d,0x00000017,0x00000018;0
10.0.2.16;151.101.129.140;58464;443;1;0x00000303;4865,4866,4867,49195,49196,52393,49199,49200,52392,49161,49162,49171,49172,156,157,47,53;0,23,65281,10,11,35,16,5,13,51,45,43,21;v.redd.it;0x0000001d,0x00000017,0x00000018;0
151.101.129.140;10.0.2.16;443;58462;2;0x00000303;49199;65281,0,11,35,5,16,23;;;0,1,2
151.101.129.140;10.0.2.16;443;58464;2;0x00000303;49199;65281,0,11,35,5,16,23;;;0,1,2
10.0.2.16;151.101.129.140;58484;443;1;0x00000303;4865,4866,4867,49195,49196,52393,49199,49200,52392,49161,49162,49171,49172,156,157,47,53;0,23,65281,10,11,35,16,5,13,51,45,43,21;v.redd.it;0x0000001d,0x00000017,0x00000018;0
10.0.2.16;151.101.129.140;58480;443;1;0x00000303;4865,4866,4867,49195,49196,52393,49199,49200,52392,49161,49162,49171,49172,156,157,47,53;0,23,65281,10,11,35,16,5,13,51,45,43,21;v.redd.it;0x0000001d,0x00000017,0x00000018;0
151.101.129.140;10.0.2.16;443;58484;2;0x00000303;49199;65281,16,23;;;
151.101.129.140;10.0.2.16;443;58480;2;0x00000303;49199;65281,16,23;;;
10.0.2.16;151.101.129.140;58486;443;1;0x00000303;4865,4866,4867,49195,49196,52393,49199,49200,52392,49161,49162,49171,49172,156,157,47,53;0,23,65281,10,11,35,16,5,13,51,45,43,21;v.redd.it;0x0000001d,0x00000017,0x00000018;0
10.0.2.16;151.101.129.140;58488;443;1;0x00000303;4865,4866,4867,49195,49196,52393,49199,49200,52392,49161,49162,49171,49172,156,157,47,53;0,23,65281,10,11,35,16,5,13,51,45,43,21;v.redd.it;0x0000001d,0x00000017,0x00000018;0
151.101.129.140;10.0.2.16;443;58488;2;0x00000303;49199;65281,16,23;;;
151.101.129.140;10.0.2.16;443;58486;2;0x00000303;49199;65281,16,23;;;
10.0.2.16;151.101.129.140;58496;443;1;0x00000303;4865,4866,4867,49195,49196,52393,49199,49200,52392,49161,49162,49171,49172,156,157,47,53;0,23,65281,10,11,35,16,5,13,51,45,43,21;v.redd.it;0x0000001d,0x00000017,0x00000018;0
151.101.129.140;10.0.2.16;443;58496;2;0x00000303;49199;65281,16,23;;;
10.0.2.16;151.101.1.140;34714;443;1;0x00000303;4865,4866,4867,49195,49196,52393,49199,49200,52392,49171,49172,156,157,47,53;0,23,65281,10,11,35,16,5,13,51,45,43,21;oauth.reddit.com;0x0000001d,0x00000017,0x00000018;0
151.101.1.140;10.0.2.16;443;34714;2;0x00000303;49199;65281,0,11,35,5,16,23;;;0,1,2
10.0.2.16;151.101.1.140;34716;443;1;0x00000303;4865,4866,4867,49195,49196,52393,49199,49200,52392,49171,49172,156,157,47,53;0,23,65281,10,11,35,16,5,13,51,45,43,21;oauth.reddit.com;0x0000001d,0x00000017,0x00000018;0
151.101.1.140;10.0.2.16;443;34716;2;0x00000303;49199;65281,0,11,35,5,16,23;;;0,1,2
10.0.2.16;104.244.42.66;42790;443;1;0x00000303;4865,4866,4867,49195,49196,52393,49199,49200,52392,49171,49172,156,157,47,53;0,23,65281,10,11,35,16,5,13,51,45,43,21;api.twitter.com;0x0000001d,0x00000017,0x00000018;0
104.244.42.66;10.0.2.16;443;42790;2;0x00000303;49199;65281,16;;;
10.0.2.16;151.101.65.140;45290;443;1;0x00000303;4865,4866,4867,49195,49196,52393,49199,49200,52392,49171,49172,156,157,47,53;0,23,65281,10,11,35,16,5,13,51,45,43,21;styles.redditmedia.com;0x0000001d,0x00000017,0x00000018;0
151.101.65.140;10.0.2.16;443;45290;2;0x00000303;49199;65281,16,23;;;
10.0.2.16;151.101.193.140;38944;443;1;0x00000303;4865,4866,4867,49195,49196,52393,49199,49200,52392,49171,49172,156,157,47,53;0,23,65281,10,11,35,16,5,13,51,45,43,21;e.reddit.com;0x0000001d,0x00000017,0x00000018;0
151.101.193.140;10.0.2.16;443;38944;2;0x00000303;49199;65281,0,11,35,5,16,23;;;0,1,2
10.0.2.16;151.101.193.140;38946;443;1;0x00000303;4865,4866,4867,49195,49196,52393,49199,49200,52392,49171,49172,156,157,47,53;0,23,65281,10,11,35,16,5,13,51,45,43,21;b.thumbs.redditmedia.com;0x0000001d,0x00000017,0x00000018;0
151.101.193.140;10.0.2.16;443;38946;2;0x00000303;49199;65281,16,23;;;
10.0.2.16;151.101.193.140;38948;443;1;0x00000303;4865,4866,4867,49195,49196,52393,49199,49200,52392,49161,49162,49171,49172,156,157,47,53;0,23,65281,10,11,35,16,5,13,51,45,43,21;watch.redd.it;0x0000001d,0x00000017,0x00000018;0
151.101.193.140;10.0.2.16;443;38948;2;0x00000303;49199;65281,0,11,35,5,16,23;;;0,1,2
10.0.2.16;151.101.1.140;34742;443;1;0x00000303;4865,4866,4867,49195,49196,52393,49199,49200,52392,49171,49172,156,157,47,53;0,23,65281,10,11,35,16,5,13,51,45,43,21;external-preview.redd.it;0x0000001d,0x00000017,0x00000018;0
151.101.1.140;10.0.2.16;443;34742;2;0x00000303;49199;65281,16,23;;;
10.0.2.16;151.101.193.140;38954;443;1;0x00000303;4865,4866,4867,49195,49196,52393,49199,49200,52392,49161,49162,49171,49172,156,157,47,53;0,23,65281,10,11,35,16,5,13,51,45,43,21;watch.redd.it;0x0000001d,0x00000017,0x00000018;0
151.101.193.140;10.0.2.16;443;38954;2;0x00000303;49199;65281,16,23;;;
10.0.2.16;151.101.129.140;58534;443;1;0x00000303;4865,4866,4867,49195,49196,52393,49199,49200,52392,49171,49172,156,157,47,53;0,23,65281,10,11,35,16,5,13,51,45,43,21;v.redd.it;0x0000001d,0x00000017,0x00000018;0
151.101.129.140;10.0.2.16;443;58534;2;0x00000303;49199;65281,16,23;;;
10.0.2.16;185.151.204.50;54940;443;1;0x00000303;4865,4866,4867,49195,49196,52393,49199,49200,52392,49171,49172,156,157,47,53;0,23,65281,10,11,35,16,5,13,51,45,43,21;view.adjust.com;0x0000001d,0x00000017,0x00000018;0
185.151.204.50;10.0.2.16;443;54940;2;0x00000303;4866;43,51;;;
10.0.2.16;151.101.65.140;45318;443;1;0x00000303;4865,4866,4867,49195,49196,52393,49199,49200,52392,49171,49172,156,157,47,53;0,23,65281,10,11,35,16,5,13,51,45,43,21;strapi.reddit.com;0x0000001d,0x00000017,0x00000018;0
151.101.65.140;10.0.2.16;443;45318;2;0x00000303;49199;65281,0,11,35,5,16,23;;;0,1,2
10.0.2.16;151.101.193.140;38978;443;1;0x00000303;4865,4866,4867,49195,49196,52393,49199,49200,52392,49161,49162,49171,49172,156,157,47,53;0,23,65281,10,11,35,16,5,13,51,45,43,21;v.redd.it;0x0000001d,0x00000017,0x00000018;0
151.101.193.140;10.0.2.16;443;38978;2;0x00000303;49199;65281,16,23;;;
10.0.2.16;151.101.193.140;38980;443;1;0x00000303;4865,4866,4867,49195,49196,52393,49199,49200,52392,49161,49162,49171,49172,156,157,47,53;0,23,65281,10,11,35,16,5,13,51,45,43,21;v.redd.it;0x0000001d,0x00000017,0x00000018;0
151.101.193.140;10.0.2.16;443;38980;2;0x00000303;49199;65281,16,23;;;
10.0.2.16;151.101.193.140;38982;443;1;0x00000303;4865,4866,4867,49195,49196,52393,49199,49200,52392,49161,49162,49171,49172,156,157,47,53;0,23,65281,10,11,35,16,5,13,51,45,43,21;v.redd.it;0x0000001d,0x00000017,0x00000018;0
10.0.2.16;151.101.193.140;38984;443;1;0x00000303;4865,4866,4867,49195,49196,52393,49199,49200,52392,49161,49162,49171,49172,156,157,47,53;0,23,65281,10,11,35,16,5,13,51,45,43,21;v.redd.it;0x0000001d,0x00000017,0x00000018;0
151.101.193.140;10.0.2.16;443;38982;2;0x00000303;49199;65281,16,23;;;
151.101.193.140;10.0.2.16;443;38984;2;0x00000303;49199;65281,16,23;;;
10.0.2.16;151.101.193.140;38992;443;1;0x00000303;4865,4866,4867,49195,49196,52393,49199,49200,52392,49161,49162,49171,49172,156,157,47,53;0,23,65281,10,11,35,16,5,13,51,45,43,21;v.redd.it;0x0000001d,0x00000017,0x00000018;0
151.101.193.140;10.0.2.16;443;38992;2;0x00000303;49199;65281,16,23;;;
10.0.2.16;151.101.193.140;39000;443;1;0x00000303;4865,4866,4867,49195,49196,52393,49199,49200,52392,49161,49162,49171,49172,156,157,47,53;0,23,65281,10,11,35,16,5,13,51,45,43,21;v.redd.it;0x0000001d,0x00000017,0x00000018;0
151.101.193.140;10.0.2.16;443;39000;2;0x00000303;49199;65281,16,23;;;
10.0.2.16;151.101.1.140;34796;443;1;0x00000303;4865,4866,4867,49195,49196,52393,49199,49200,52392,49171,49172,156,157,47,53;0,23,65281,10,11,35,16,5,13,51,45,43,21;b.thumbs.redditmedia.com;0x0000001d,0x00000017,0x00000018;0
10.0.2.16;151.101.1.140;34798;443;1;0x00000303;4865,4866,4867,49195,49196,52393,49199,49200,52392,49171,49172,156,157,47,53;0,23,65281,10,11,35,16,5,13,51,45,43,21;b.thumbs.redditmedia.com;0x0000001d,0x00000017,0x00000018;0
10.0.2.16;151.101.1.140;34800;443;1;0x00000303;4865,4866,4867,49195,49196,52393,49199,49200,52392,49171,49172,156,157,47,53;0,23,65281,10,11,35,16,5,13,51,45,43,21;styles.redditmedia.com;0x0000001d,0x00000017,0x00000018;0
10.0.2.16;151.101.1.140;34794;443;1;0x00000303;4865,4866,4867,49195,49196,52393,49199,49200,52392,49171,49172,156,157,47,53;0,23,65281,10,11,35,16,5,13,51,45,43,21;styles.redditmedia.com;0x0000001d,0x00000017,0x00000018;0
10.0.2.16;151.101.1.140;34802;443;1;0x00000303;4865,4866,4867,49195,49196,52393,49199,49200,52392,49171,49172,156,157,47,53;0,23,65281,10,11,35,16,5,13,51,45,43,21;b.thumbs.redditmedia.com;0x0000001d,0x00000017,0x00000018;0
10.0.2.16;151.101.1.140;34806;443;1;0x00000303;4865,4866,4867,49195,49196,52393,49199,49200,52392,49171,49172,156,157,47,53;0,23,65281,10,11,35,16,5,13,51,45,43,21;b.thumbs.redditmedia.com;0x0000001d,0x00000017,0x00000018;0
10.0.2.16;151.101.1.140;34804;443;1;0x00000303;4865,4866,4867,49195,49196,52393,49199,49200,52392,49171,49172,156,157,47,53;0,23,65281,10,11,35,16,5,13,51,45,43,21;b.thumbs.redditmedia.com;0x0000001d,0x00000017,0x00000018;0
151.101.1.140;10.0.2.16;443;34798;2;0x00000303;49199;65281,16,23;;;
151.101.1.140;10.0.2.16;443;34796;2;0x00000303;49199;65281,16,23;;;
151.101.1.140;10.0.2.16;443;34794;2;0x00000303;49199;65281,16,23;;;
151.101.1.140;10.0.2.16;443;34802;2;0x00000303;49199;65281,16,23;;;
151.101.1.140;10.0.2.16;443;34806;2;0x00000303;49199;65281,16,23;;;
151.101.1.140;10.0.2.16;443;34804;2;0x00000303;49199;65281,16,23;;;
151.101.1.140;10.0.2.16;443;34800;2;0x00000303;49199;65281,16,23;;;
10.0.2.16;151.101.193.140;39020;443;1;0x00000303;4865,4866,4867,49195,49196,52393,49199,49200,52392,49161,49162,49171,49172,156,157,47,53;0,23,65281,10,11,35,16,5,13,51,45,43,21;v.redd.it;0x0000001d,0x00000017,0x00000018;0
151.101.193.140;10.0.2.16;443;39020;2;0x00000303;49199;65281,16,23;;;
10.0.2.16;99.86.242.107;36544;443;1;0x00000303;4865,4866,4867,49195,49196,52393,49199,49200,52392,49161,49162,49171,49172,156,157,47,53;0,23,65281,10,11,35,16,5,13,51,45,43,21;api2.branch.io;0x0000001d,0x00000017,0x00000018;0
99.86.242.107;10.0.2.16;443;36544;2;0x00000303;4865;43,51;;;
10.0.2.16;151.101.193.140;39024;443;1;0x00000303;4865,4866,4867,49195,49196,52393,49199,49200,52392,49171,49172,156,157,47,53;0,23,65281,10,11,35,16,5,13,51,45,43,21;gql.reddit.com;0x0000001d,0x00000017,0x00000018;0
10.0.2.16;151.101.193.140;39026;443;1;0x00000303;4865,4866,4867,49195,49196,52393,49199,49200,52392,49171,49172,156,157,47,53;0,23,65281,10,11,35,16,5,13,51,45,43,21;gql.reddit.com;0x0000001d,0x00000017,0x00000018;0
151.101.193.140;10.0.2.16;443;39024;2;0x00000303;49199;65281,0,11,35,5,16,23;;;0,1,2
151.101.193.140;10.0.2.16;443;39026;2;0x00000303;49199;65281,0,11,35,5,16,23;;;0,1,2
10.0.2.16;99.86.242.107;36550;443;1;0x00000303;4865,4866,4867,49195,49196,52393,49199,49200,52392,49161,49162,49171,49172,156,157,47,53;0,23,65281,10,11,35,16,5,13,51,45,43,21;api2.branch.io;0x0000001d,0x00000017,0x00000018;0
99.86.242.107;10.0.2.16;443;36550;2;0x00000303;4865;43,51;;;
10.0.2.16;99.86.242.44;58066;443;1;0x00000303;4865,4866,4867,49195,49196,52393,49199,49200,52392,49161,49162,49171,49172,156,157,47,53;0,23,65281,10,11,35,16,5,13,51,45,43,21;launches.appsflyer.com;0x0000001d,0x00000017,0x00000018;0
99.86.242.44;10.0.2.16;443;58066;2;0x00000303;4865;43,51;;;
10.0.2.16;99.86.242.35;41614;443;1;0x00000303;4865,4866,4867,49195,49196,52393,49199,49200,52392,49161,49162,49171,49172,156,157,47,53;0,23,65281,10,11,35,16,5,13,51,45,43,21;cdn.branch.io;0x0000001d,0x00000017,0x00000018;0
99.86.242.35;10.0.2.16;443;41614;2;0x00000303;4865;43,51;;;
10.0.2.16;151.101.65.140;45386;443;1;0x00000303;4865,4866,4867,49195,49196,52393,49199,49200,52392,49171,49172,156,157,47,53;0,23,65281,10,11,35,16,5,13,51,45,43,21;www.redditstatic.com;0x0000001d,0x00000017,0x00000018;0
10.0.2.16;151.101.193.140;39040;443;1;0x00000303;4865,4866,4867,49195,49196,52393,49199,49200,52392,49171,49172,156,157,47,53;0,23,65281,10,11,35,16,5,13,51,45,43,21;external-preview.redd.it;0x0000001d,0x00000017,0x00000018;0
10.0.2.16;151.101.193.140;39042;443;1;0x00000303;4865,4866,4867,49195,49196,52393,49199,49200,52392,49161,49162,49171,49172,156,157,47,53;0,23,65281,10,11,35,16,5,13,51,45,43,21;v.redd.it;0x0000001d,0x00000017,0x00000018;0
151.101.65.140;10.0.2.16;443;45386;2;0x00000303;49199;65281,0,11,35,5,16,23;;;0,1,2
151.101.193.140;10.0.2.16;443;39040;2;0x00000303;49199;65281,0,11,35,5,16,23;;;0,1,2
10.0.2.16;151.101.65.140;45392;443;1;0x00000303;4865,4866,4867,49195,49196,52393,49199,49200,52392,49171,49172,156,157,47,53;0,23,65281,10,11,35,16,5,13,51,45,43,21;styles.redditmedia.com;0x0000001d,0x00000017,0x00000018;0
10.0.2.16;151.101.193.140;39046;443;1;0x00000303;4865,4866,4867,49195,49196,52393,49199,49200,52392,49171,49172,156,157,47,53;0,23,65281,10,11,35,16,5,13,51,45,43,21;v.redd.it;0x0000001d,0x00000017,0x00000018;0
151.101.193.140;10.0.2.16;443;39042;2;0x00000303;49199;65281,0,11,35,5,16,23;;;0,1,2
151.101.65.140;10.0.2.16;443;45392;2;0x00000303;49199;65281,0,11,35,5,16,23;;;0,1,2
151.101.193.140;10.0.2.16;443;39046;2;0x00000303;49199;65281,0,11,35,5,16,23;;;0,1,2
10.0.2.16;151.101.193.140;39064;443;1;0x00000303;4865,4866,4867,49195,49196,52393,49199,49200,52392,49161,49162,49171,49172,156,157,47,53;0,23,65281,10,11,35,16,5,13,51,45,43,21;v.redd.it;0x0000001d,0x00000017,0x00000018;0
10.0.2.16;151.101.193.140;39066;443;1;0x00000303;4865,4866,4867,49195,49196,52393,49199,49200,52392,49161,49162,49171,49172,156,157,47,53;0,23,65281,10,11,35,16,5,13,51,45,43,21;v.redd.it;0x0000001d,0x00000017,0x00000018;0
151.101.193.140;10.0.2.16;443;39064;2;0x00000303;49199;65281,16,23;;;
151.101.193.140;10.0.2.16;443;39066;2;0x00000303;49199;65281,16,23;;;
10.0.2.16;151.101.193.140;39068;443;1;0x00000303;4865,4866,4867,49195,49196,52393,49199,49200,52392,49161,49162,49171,49172,156,157,47,53;0,23,65281,10,11,35,16,5,13,51,45,43,21;v.redd.it;0x0000001d,0x00000017,0x00000018;0
10.0.2.16;151.101.193.140;39070;443;1;0x00000303;4865,4866,4867,49195,49196,52393,49199,49200,52392,49161,49162,49171,49172,156,157,47,53;0,23,65281,10,11,35,16,5,13,51,45,43,21;v.redd.it;0x0000001d,0x00000017,0x00000018;0
151.101.193.140;10.0.2.16;443;39068;2;0x00000303;49199;65281,16,23;;;
151.101.193.140;10.0.2.16;443;39070;2;0x00000303;49199;65281,16,23;;;
10.0.2.16;151.101.193.140;39076;443;1;0x00000303;4865,4866,4867,49195,49196,52393,49199,49200,52392,49161,49162,49171,49172,156,157,47,53;0,23,65281,10,11,35,16,5,13,51,45,43,21;v.redd.it;0x0000001d,0x00000017,0x00000018;0
151.101.193.140;10.0.2.16;443;39076;2;0x00000303;49199;65281,16,23;;;
10.0.2.16;151.101.193.140;39084;443;1;0x00000303;4865,4866,4867,49195,49196,52393,49199,49200,52392,49161,49162,49171,49172,156,157,47,53;0,23,65281,10,11,35,16,5,13,51,45,43,21;v.redd.it;0x0000001d,0x00000017,0x00000018;0
151.101.193.140;10.0.2.16;443;39084;2;0x00000303;49199;65281,16,23;;;
10.0.2.16;151.101.193.140;39086;443;1;0x00000303;4865,4866,4867,49195,49196,52393,49199,49200,52392,49161,49162,49171,49172,156,157,47,53;0,23,65281,10,11,35,16,5,13,51,45,43,21;v.redd.it;0x0000001d,0x00000017,0x00000018;0
151.101.193.140;10.0.2.16;443;39086;2;0x00000303;49199;65281,16,23;;;
10.0.2.16;151.101.193.140;39092;443;1;0x00000303;4865,4866,4867,49195,49196,52393,49199,49200,52392,49161,49162,49171,49172,156,157,47,53;0,23,65281,10,11,35,16,5,13,51,45,43,21;v.redd.it;0x0000001d,0x00000017,0x00000018;0
151.101.193.140;10.0.2.16;443;39092;2;0x00000303;49199;65281,16,23;;;
10.0.2.16;151.101.193.140;39098;443;1;0x00000303;4865,4866,4867,49195,49196,52393,49199,49200,52392,49161,49162,49171,49172,156,157,47,53;0,23,65281,10,11,35,16,5,13,51,45,43,21;v.redd.it;0x0000001d,0x00000017,0x00000018;0
151.101.193.140;10.0.2.16;443;39098;2;0x00000303;49199;65281,16,23;;;
10.0.2.16;151.101.193.140;39100;443;1;0x00000303;4865,4866,4867,49195,49196,52393,49199,49200,52392,49161,49162,49171,49172,156,157,47,53;0,23,65281,10,11,35,16,5,13,51,45,43,21;v.redd.it;0x0000001d,0x00000017,0x00000018;0
151.101.193.140;10.0.2.16;443;39100;2;0x00000303;49199;65281,16,23;;;
10.0.2.16;151.101.193.140;39108;443;1;0x00000303;4865,4866,4867,49195,49196,52393,49199,49200,52392,49161,49162,49171,49172,156,157,47,53;0,23,65281,10,11,35,16,5,13,51,45,43,21;v.redd.it;0x0000001d,0x00000017,0x00000018;0
151.101.193.140;10.0.2.16;443;39108;2;0x00000303;49199;65281,16,23;;;
10.0.2.16;185.151.204.50;55096;443;1;0x00000303;4865,4866,4867,49195,49196,52393,49199,49200,52392,49171,49172,156,157,47,53;0,23,65281,10,11,35,16,5,13,51,45,43,21;view.adjust.com;0x0000001d,0x00000017,0x00000018;0
185.151.204.50;10.0.2.16;443;55096;2;0x00000303;4866;43,51;;;
10.0.2.16;151.101.193.140;39140;443;1;0x00000303;4865,4866,4867,49195,49196,52393,49199,49200,52392,49161,49162,49171,49172,156,157,47,53;0,23,65281,10,11,35,16,5,13,51,45,43,21;v.redd.it;0x0000001d,0x00000017,0x00000018;0
151.101.193.140;10.0.2.16;443;39140;2;0x00000303;49199;65281,16,23;;;
10.0.2.16;151.101.193.140;39142;443;1;0x00000303;4865,4866,4867,49195,49196,52393,49199,49200,52392,49161,49162,49171,49172,156,157,47,53;0,23,65281,10,11,35,16,5,13,51,45,43,21;v.redd.it;0x0000001d,0x00000017,0x00000018;0
151.101.193.140;10.0.2.16;443;39142;2;0x00000303;49199;65281,16,23;;;
10.0.2.16;151.101.1.140;34944;443;1;0x00000303;4865,4866,4867,49195,49196,52393,49199,49200,52392,49161,49162,49171,49172,156,157,47,53;0,23,65281,10,11,35,16,5,13,51,45,43,21;preview.redd.it;0x0000001d,0x00000017,0x00000018;0
10.0.2.16;151.101.193.140;39150;443;1;0x00000303;4865,4866,4867,49195,49196,52393,49199,49200,52392,49171,49172,156,157,47,53;0,23,65281,10,11,35,16,5,13,51,45,43,21;www.redditstatic.com;0x0000001d,0x00000017,0x00000018;0
151.101.193.140;10.0.2.16;443;39150;2;0x00000303;49199;65281,16,23;;;
151.101.1.140;10.0.2.16;443;34944;2;0x00000303;49199;65281,0,11,35,5,16,23;;;0,1,2
10.0.2.16;151.101.129.140;58732;443;1;0x00000303;4865,4866,4867,49195,49196,52393,49199,49200,52392,49171,49172,156,157,47,53;0,23,65281,10,11,35,16,5,13,51,45,43,21;b.thumbs.redditmedia.com;0x0000001d,0x00000017,0x00000018;0
151.101.129.140;10.0.2.16;443;58732;2;0x00000303;49199;65281,0,11,35,5,16,23;;;0,1,2
10.0.2.16;151.101.1.140;34954;443;1;0x00000303;4865,4866,4867,49195,49196,52393,49199,49200,52392,49161,49162,49171,49172,156,157,47,53;0,23,65281,10,11,35,16,5,13,51,45,43,21;preview.redd.it;0x0000001d,0x00000017,0x00000018;0
151.101.1.140;10.0.2.16;443;34954;2;0x00000303;49199;65281,16,23;;;
10.0.2.16;151.101.193.140;39166;443;1;0x00000303;4865,4866,4867,49195,49196,52393,49199,49200,52392,49161,49162,49171,49172,156,157,47,53;0,23,65281,10,11,35,16,5,13,51,45,43,21;v.redd.it;0x0000001d,0x00000017,0x00000018;0
151.101.193.140;10.0.2.16;443;39166;2;0x00000303;49199;65281,16,23;;;
10.0.2.16;151.101.193.140;39172;443;1;0x00000303;4865,4866,4867,49195,49196,52393,49199,49200,52392,49161,49162,49171,49172,156,157,47,53;0,23,65281,10,11,35,16,5,13,51,45,43,21;v.redd.it;0x0000001d,0x00000017,0x00000018;0
151.101.193.140;10.0.2.16;443;39172;2;0x00000303;49199;65281,16,23;;;
10.0.2.16;151.101.193.140;39178;443;1;0x00000303;4865,4866,4867,49195,49196,52393,49199,49200,52392,49161,49162,49171,49172,156,157,47,53;0,23,65281,10,11,35,16,5,13,51,45,43,21;v.redd.it;0x0000001d,0x00000017,0x00000018;0
151.101.193.140;10.0.2.16;443;39178;2;0x00000303;49199;65281,16,23;;;
10.0.2.16;151.101.193.140;39182;443;1;0x00000303;4865,4866,4867,49195,49196,52393,49199,49200,52392,49161,49162,49171,49172,156,157,47,53;0,23,65281,10,11,35,16,5,13,51,45,43,21;v.redd.it;0x0000001d,0x00000017,0x00000018;0
151.101.193.140;10.0.2.16;443;39182;2;0x00000303;49199;65281,16,23;;;
10.0.2.16;151.101.193.140;39186;443;1;0x00000303;4865,4866,4867,49195,49196,52393,49199,49200,52392,49161,49162,49171,49172,156,157,47,53;0,23,65281,10,11,35,16,5,13,51,45,43,21;v.redd.it;0x0000001d,0x00000017,0x00000018;0
151.101.193.140;10.0.2.16;443;39186;2;0x00000303;49199;65281,16,23;;;
10.0.2.16;151.101.129.140;58776;443;1;0x00000303;4865,4866,4867,49195,49196,52393,49199,49200,52392,49171,49172,156,157,47,53;0,23,65281,10,11,35,16,5,13,51,45,43,21;styles.redditmedia.com;0x0000001d,0x00000017,0x00000018;0
10.0.2.16;151.101.129.140;58778;443;1;0x00000303;4865,4866,4867,49195,49196,52393,49199,49200,52392,49171,49172,156,157,47,53;0,23,65281,10,11,35,16,5,13,51,45,43,21;styles.redditmedia.com;0x0000001d,0x00000017,0x00000018;0
151.101.129.140;10.0.2.16;443;58776;2;0x00000303;49199;65281,16,23;;;
151.101.129.140;10.0.2.16;443;58778;2;0x00000303;49199;65281,16,23;;;
10.0.2.16;151.101.1.140;35000;443;1;0x00000303;4865,4866,4867,49195,49196,52393,49199,49200,52392,49161,49162,49171,49172,156,157,47,53;0,23,65281,10,11,35,16,5,13,51,45,43,21;preview.redd.it;0x0000001d,0x00000017,0x00000018;0
151.101.1.140;10.0.2.16;443;35000;2;0x00000303;49199;65281,16,23;;;
10.0.2.16;151.101.193.140;39210;443;1;0x00000303;4865,4866,4867,49195,49196,52393,49199,49200,52392,49171,49172,156,157,47,53;0,23,65281,10,11,35,16,5,13,51,45,43,21;styles.redditmedia.com;0x0000001d,0x00000017,0x00000018;0
151.101.193.140;10.0.2.16;443;39210;2;0x00000303;49199;65281,16,23;;;
10.0.2.16;151.101.1.140;35006;443;1;0x00000303;4865,4866,4867,49195,49196,52393,49199,49200,52392,49161,49162,49171,49172,156,157,47,53;0,23,65281,10,11,35,16,5,13,51,45,43,21;watch.redd.it;0x0000001d,0x00000017,0x00000018;0
151.101.1.140;10.0.2.16;443;35006;2;0x00000303;49199;65281,0,11,35,5,16,23;;;0,1,2
10.0.2.16;151.101.1.140;35008;443;1;0x00000303;4865,4866,4867,49195,49196,52393,49199,49200,52392,49161,49162,49171,49172,156,157,47,53;0,23,65281,10,11,35,16,5,13,51,45,43,21;watch.redd.it;0x0000001d,0x00000017,0x00000018;0
151.101.1.140;10.0.2.16;443;35008;2;0x00000303;49199;65281,0,11,35,5,16,23;;;0,1,2
10.0.2.16;151.101.193.140;39224;443;1;0x00000303;4865,4866,4867,49195,49196,52393,49199,49200,52392,49161,49162,49171,49172,156,157,47,53;0,23,65281,10,11,35,16,5,13,51,45,43,21;v.redd.it;0x0000001d,0x00000017,0x00000018;0
151.101.193.140;10.0.2.16;443;39224;2;0x00000303;49199;65281,16,23;;;
10.0.2.16;151.101.193.140;39226;443;1;0x00000303;4865,4866,4867,49195,49196,52393,49199,49200,52392,49161,49162,49171,49172,156,157,47,53;0,23,65281,10,11,35,16,5,13,51,45,43,21;v.redd.it;0x0000001d,0x00000017,0x00000018;0
151.101.193.140;10.0.2.16;443;39226;2;0x00000303;49199;65281,16,23;;;
10.0.2.16;151.101.193.140;39234;443;1;0x00000303;4865,4866,4867,49195,49196,52393,49199,49200,52392,49161,49162,49171,49172,156,157,47,53;0,23,65281,10,11,35,16,5,13,51,45,43,21;v.redd.it;0x0000001d,0x00000017,0x00000018;0
151.101.193.140;10.0.2.16;443;39234;2;0x00000303;49199;65281,16,23;;;
10.0.2.16;151.101.129.140;58836;443;1;0x00000303;4865,4866,4867,49195,49196,52393,49199,49200,52392,49171,49172,156,157,47,53;0,23,65281,10,11,35,16,5,13,51,45,43,21;b.thumbs.redditmedia.com;0x0000001d,0x00000017,0x00000018;0
151.101.129.140;10.0.2.16;443;58836;2;0x00000303;49199;65281,16,23;;;
10.0.2.16;151.101.193.140;39260;443;1;0x00000303;4865,4866,4867,49195,49196,52393,49199,49200,52392,49161,49162,49171,49172,156,157,47,53;0,23,65281,10,11,35,16,5,13,51,45,43,21;watch.redd.it;0x0000001d,0x00000017,0x00000018;0
151.101.193.140;10.0.2.16;443;39260;2;0x00000303;49199;65281,16,23;;;
10.0.2.16;151.101.65.140;45612;443;1;0x00000303;4865,4866,4867,49195,49196,52393,49199,49200,52392,49171,49172,156,157,47,53;0,23,65281,10,11,35,16,5,13,51,45,43,21;external-preview.redd.it;0x0000001d,0x00000017,0x00000018;0
151.101.65.140;10.0.2.16;443;45612;2;0x00000303;49199;65281,16,23;;;
10.0.2.16;151.101.129.140;58844;443;1;0x00000303;4865,4866,4867,49195,49196,52393,49199,49200,52392,49161,49162,49171,49172,156,157,47,53;0,23,65281,10,11,35,16,5,13,51,45,43,21;v.redd.it;0x0000001d,0x00000017,0x00000018;0
151.101.129.140;10.0.2.16;443;58844;2;0x00000303;49199;65281,16,23;;;
10.0.2.16;151.101.129.140;58860;443;1;0x00000303;4865,4866,4867,49195,49196,52393,49199,49200,52392,49161,49162,49171,49172,156,157,47,53;0,23,65281,10,11,35,16,5,13,51,45,43,21;v.redd.it;0x0000001d,0x00000017,0x00000018;0
10.0.2.16;151.101.129.140;58862;443;1;0x00000303;4865,4866,4867,49195,49196,52393,49199,49200,52392,49161,49162,49171,49172,156,157,47,53;0,23,65281,10,11,35,16,5,13,51,45,43,21;v.redd.it;0x0000001d,0x00000017,0x00000018;0
151.101.129.140;10.0.2.16;443;58860;2;0x00000303;49199;65281,16,23;;;
151.101.129.140;10.0.2.16;443;58862;2;0x00000303;49199;65281,16,23;;;
10.0.2.16;151.101.129.140;58864;443;1;0x00000303;4865,4866,4867,49195,49196,52393,49199,49200,52392,49161,49162,49171,49172,156,157,47,53;0,23,65281,10,11,35,16,5,13,51,45,43,21;v.redd.it;0x0000001d,0x00000017,0x00000018;0
151.101.129.140;10.0.2.16;443;58864;2;0x00000303;49199;65281,16,23;;;
10.0.2.16;151.101.129.140;58866;443;1;0x00000303;4865,4866,4867,49195,49196,52393,49199,49200,52392,49161,49162,49171,49172,156,157,47,53;0,23,65281,10,11,35,16,5,13,51,45,43,21;v.redd.it;0x0000001d,0x00000017,0x00000018;0
151.101.129.140;10.0.2.16;443;58866;2;0x00000303;49199;65281,16,23;;;
10.0.2.16;151.101.129.140;58874;443;1;0x00000303;4865,4866,4867,49195,49196,52393,49199,49200,52392,49161,49162,49171,49172,156,157,47,53;0,23,65281,10,11,35,16,5,13,51,45,43,21;v.redd.it;0x0000001d,0x00000017,0x00000018;0
151.101.129.140;10.0.2.16;443;58874;2;0x00000303;49199;65281,16,23;;;
10.0.2.16;151.101.129.140;58880;443;1;0x00000303;4865,4866,4867,49195,49196,52393,49199,49200,52392,49161,49162,49171,49172,156,157,47,53;0,23,65281,10,11,35,16,5,13,51,45,43,21;v.redd.it;0x0000001d,0x00000017,0x00000018;0
151.101.129.140;10.0.2.16;443;58880;2;0x00000303;49199;65281,16,23;;;
10.0.2.16;185.151.204.50;55286;443;1;0x00000303;4865,4866,4867,49195,49196,52393,49199,49200,52392,49171,49172,156,157,47,53;0,23,65281,10,11,35,16,5,13,51,45,43,41;view.adjust.com;0x0000001d,0x00000017,0x00000018;0
185.151.204.50;10.0.2.16;443;55286;2;0x00000303;4866;43,51;;;
10.0.2.16;151.101.129.140;58884;443;1;0x00000303;4865,4866,4867,49195,49196,52393,49199,49200,52392,49161,49162,49171,49172,156,157,47,53;0,23,65281,10,11,35,16,5,13,51,45,43,21;v.redd.it;0x0000001d,0x00000017,0x00000018;0
151.101.129.140;10.0.2.16;443;58884;2;0x00000303;49199;65281,16,23;;;
10.0.2.16;151.101.129.140;58892;443;1;0x00000303;4865,4866,4867,49195,49196,52393,49199,49200,52392,49161,49162,49171,49172,156,157,47,53;0,23,65281,10,11,35,16,5,13,51,45,43,21;v.redd.it;0x0000001d,0x00000017,0x00000018;0
151.101.129.140;10.0.2.16;443;58892;2;0x00000303;49199;65281,16,23;;;
10.0.2.16;151.101.129.140;58900;443;1;0x00000303;4865,4866,4867,49195,49196,52393,49199,49200,52392,49161,49162,49171,49172,156,157,47,53;0,23,65281,10,11,35,16,5,13,51,45,43,21;v.redd.it;0x0000001d,0x00000017,0x00000018;0
151.101.129.140;10.0.2.16;443;58900;2;0x00000303;49199;65281,16,23;;;
10.0.2.16;151.101.129.140;58902;443;1;0x00000303;4865,4866,4867,49195,49196,52393,49199,49200,52392,49161,49162,49171,49172,156,157,47,53;0,23,65281,10,11,35,16,5,13,51,45,43,21;v.redd.it;0x0000001d,0x00000017,0x00000018;0
151.101.129.140;10.0.2.16;443;58902;2;0x00000303;49199;65281,16,23;;;
10.0.2.16;151.101.129.140;58908;443;1;0x00000303;4865,4866,4867,49195,49196,52393,49199,49200,52392,49161,49162,49171,49172,156,157,47,53;0,23,65281,10,11,35,16,5,13,51,45,43,21;v.redd.it;0x0000001d,0x00000017,0x00000018;0
151.101.129.140;10.0.2.16;443;58908;2;0x00000303;49199;65281,16,23;;;
10.0.2.16;151.101.129.140;58910;443;1;0x00000303;4865,4866,4867,49195,49196,52393,49199,49200,52392,49161,49162,49171,49172,156,157,47,53;0,23,65281,10,11,35,16,5,13,51,45,43,21;v.redd.it;0x0000001d,0x00000017,0x00000018;0
151.101.129.140;10.0.2.16;443;58910;2;0x00000303;49199;65281,16,23;;;
10.0.2.16;151.101.129.140;58928;443;1;0x00000303;4865,4866,4867,49195,49196,52393,49199,49200,52392,49161,49162,49171,49172,156,157,47,53;0,23,65281,10,11,35,16,5,13,51,45,43,21;v.redd.it;0x0000001d,0x00000017,0x00000018;0
151.101.129.140;10.0.2.16;443;58928;2;0x00000303;49199;65281,16,23;;;
10.0.2.16;151.101.129.140;58930;443;1;0x00000303;4865,4866,4867,49195,49196,52393,49199,49200,52392,49161,49162,49171,49172,156,157,47,53;0,23,65281,10,11,35,16,5,13,51,45,43,21;v.redd.it;0x0000001d,0x00000017,0x00000018;0
151.101.129.140;10.0.2.16;443;58930;2;0x00000303;49199;65281,16,23;;;
10.0.2.16;151.101.129.140;58932;443;1;0x00000303;4865,4866,4867,49195,49196,52393,49199,49200,52392,49161,49162,49171,49172,156,157,47,53;0,23,65281,10,11,35,16,5,13,51,45,43,21;v.redd.it;0x0000001d,0x00000017,0x00000018;0
10.0.2.16;151.101.129.140;58934;443;1;0x00000303;4865,4866,4867,49195,49196,52393,49199,49200,52392,49161,49162,49171,49172,156,157,47,53;0,23,65281,10,11,35,16,5,13,51,45,43,21;v.redd.it;0x0000001d,0x00000017,0x00000018;0
151.101.129.140;10.0.2.16;443;58932;2;0x00000303;49199;65281,16,23;;;
151.101.129.140;10.0.2.16;443;58934;2;0x00000303;49199;65281,16,23;;;
10.0.2.16;151.101.129.140;58940;443;1;0x00000303;4865,4866,4867,49195,49196,52393,49199,49200,52392,49161,49162,49171,49172,156,157,47,53;0,23,65281,10,11,35,16,5,13,51,45,43,21;v.redd.it;0x0000001d,0x00000017,0x00000018;0
151.101.129.140;10.0.2.16;443;58940;2;0x00000303;49199;65281,16,23;;;
10.0.2.16;151.101.129.140;58948;443;1;0x00000303;4865,4866,4867,49195,49196,52393,49199,49200,52392,49161,49162,49171,49172,156,157,47,53;0,23,65281,10,11,35,16,5,13,51,45,43,21;v.redd.it;0x0000001d,0x00000017,0x00000018;0
151.101.129.140;10.0.2.16;443;58948;2;0x00000303;49199;65281,16,23;;;
10.0.2.16;151.101.129.140;58950;443;1;0x00000303;4865,4866,4867,49195,49196,52393,49199,49200,52392,49161,49162,49171,49172,156,157,47,53;0,23,65281,10,11,35,16,5,13,51,45,43,21;v.redd.it;0x0000001d,0x00000017,0x00000018;0
151.101.129.140;10.0.2.16;443;58950;2;0x00000303;49199;65281,16,23;;;
10.0.2.16;151.101.65.140;45728;443;1;0x00000303;4865,4866,4867,49195,49196,52393,49199,49200,52392,49171,49172,156,157,47,53;0,23,65281,10,11,35,16,5,13,51,45,43,21;emoji.redditmedia.com;0x0000001d,0x00000017,0x00000018;0
151.101.65.140;10.0.2.16;443;45728;2;0x00000303;49199;65281,0,11,35,5,16,23;;;0,1,2
10.0.2.16;99.86.242.107;36904;443;1;0x00000303;4865,4866,4867,49195,49196,52393,49199,49200,52392,49161,49162,49171,49172,156,157,47,53;0,23,65281,10,11,35,16,5,13,51,45,43,21;api2.branch.io;0x0000001d,0x00000017,0x00000018;0
99.86.242.107;10.0.2.16;443;36904;2;0x00000303;4865;43,51;;;
10.0.2.16;151.101.1.140;35178;443;1;0x00000303;4865,4866,4867,49195,49196,52393,49199,49200,52392,49171,49172,156,157,47,53;0,23,65281,10,11,35,16,5,13,51,45,43,21;oauth.reddit.com;0x0000001d,0x00000017,0x00000018;0
10.0.2.16;151.101.1.140;35180;443;1;0x00000303;4865,4866,4867,49195,49196,52393,49199,49200,52392,49171,49172,156,157,47,53;0,23,65281,10,11,35,16,5,13,51,45,43,21;gql.reddit.com;0x0000001d,0x00000017,0x00000018;0
10.0.2.16;151.101.1.140;35176;443;1;0x00000303;4865,4866,4867,49195,49196,52393,49199,49200,52392,49171,49172,156,157,47,53;0,23,65281,10,11,35,16,5,13,51,45,43,21;gql.reddit.com;0x0000001d,0x00000017,0x00000018;0
151.101.1.140;10.0.2.16;443;35178;2;0x00000303;49199;65281,0,11,35,5,16,23;;;0,1,2
151.101.1.140;10.0.2.16;443;35180;2;0x00000303;49199;65281,0,11,35,5,16,23;;;0,1,2
151.101.1.140;10.0.2.16;443;35176;2;0x00000303;49199;65281,0,11,35,5,16,23;;;0,1,2
10.0.2.16;99.86.242.107;36912;443;1;0x00000303;4865,4866,4867,49195,49196,52393,49199,49200,52392,49161,49162,49171,49172,156,157,47,53;0,23,65281,10,11,35,16,5,13,51,45,43,21;api2.branch.io;0x0000001d,0x00000017,0x00000018;0
99.86.242.107;10.0.2.16;443;36912;2;0x00000303;4865;43,51;;;
10.0.2.16;99.86.242.126;48996;443;1;0x00000303;4865,4866,4867,49195,49196,52393,49199,49200,52392,49161,49162,49171,49172,156,157,47,53;0,23,65281,10,11,35,16,5,13,51,45,43,21;launches.appsflyer.com;0x0000001d,0x00000017,0x00000018;0
99.86.242.126;10.0.2.16;443;48996;2;0x00000303;4865;43,51;;;
10.0.2.16;99.86.242.15;46918;443;1;0x00000303;4865,4866,4867,49195,49196,52393,49199,49200,52392,49161,49162,49171,49172,156,157,47,53;0,23,65281,10,11,35,16,5,13,51,45,43,21;cdn.branch.io;0x0000001d,0x00000017,0x00000018;0
99.86.242.15;10.0.2.16;443;46918;2;0x00000303;4865;43,51;;;
10.0.2.16;151.101.129.140;58980;443;1;0x00000303;4865,4866,4867,49195,49196,52393,49199,49200,52392,49161,49162,49171,49172,156,157,47,53;0,23,65281,10,11,35,16,5,13,51,45,43,21;preview.redd.it;0x0000001d,0x00000017,0x00000018;0
151.101.129.140;10.0.2.16;443;58980;2;0x00000303;49199;65281,0,11,35,5,16,23;;;0,1,2
10.0.2.16;151.101.129.140;58986;443;1;0x00000303;4865,4866,4867,49195,49196,52393,49199,49200,52392,49161,49162,49171,49172,156,157,47,53;0,23,65281,10,11,35,16,5,13,51,45,43,21;preview.redd.it;0x0000001d,0x00000017,0x00000018;0
151.101.129.140;10.0.2.16;443;58986;2;0x00000303;49199;65281,16,23;;;
10.0.2.16;151.101.129.140;58990;443;1;0x00000303;4865,4866,4867,49195,49196,52393,49199,49200,52392,49161,49162,49171,49172,156,157,47,53;0,23,65281,10,11,35,16,5,13,51,45,43,21;preview.redd.it;0x0000001d,0x00000017,0x00000018;0
151.101.129.140;10.0.2.16;443;58990;2;0x00000303;49199;65281,16,23;;;
10.0.2.16;151.101.129.140;58992;443;1;0x00000303;4865,4866,4867,49195,49196,52393,49199,49200,52392,49171,49172,156,157,47,53;0,23,65281,10,11,35,16,5,13,51,45,43,21;preview.redd.it;0x0000001d,0x00000017,0x00000018;0
151.101.129.140;10.0.2.16;443;58992;2;0x00000303;49199;65281,0,11,35,5,16,23;;;0,1,2
10.0.2.16;151.101.65.140;45778;443;1;0x00000303;4865,4866,4867,49195,49196,52393,49199,49200,52392,49171,49172,156,157,47,53;0,23,65281,10,11,35,16,5,13,51,45,43,21;oauth.reddit.com;0x0000001d,0x00000017,0x00000018;0
10.0.2.16;151.101.129.140;59010;443;1;0x00000303;4865,4866,4867,49195,49196,52393,49199,49200,52392,49171,49172,156,157,47,53;0,23,65281,10,11,35,16,5,13,51,45,43,21;s.reddit.com;0x0000001d,0x00000017,0x00000018;0
151.101.65.140;10.0.2.16;443;45778;2;0x00000303;49199;65281,16,23;;;
10.0.2.16;151.101.129.140;59012;443;1;0x00000303;4865,4866,4867,49195,49196,52393,49199,49200,52392,49171,49172,156,157,47,53;0,23,65281,10,11,35,16,5,13,51,45,43,21;s.reddit.com;0x0000001d,0x00000017,0x00000018;0
151.101.129.140;10.0.2.16;443;59010;2;0x00000303;49199;65281,0,11,35,5,16,23;;;0,1,2
151.101.129.140;10.0.2.16;443;59012;2;0x00000303;49199;65281,0,11,35,5,16,23;;;0,1,2
10.0.2.16;3.217.92.42;48046;443;1;0x00000303;4865,4866,4867,49195,49196,52393,49199,49200,52392,49171,49172,156,157,47,53;0,23,65281,10,11,35,16,5,13,51,45,43,21;sendbirdproxyk8s.chat.redditmedia.com;0x0000001d,0x00000017,0x00000018;0
10.0.2.16;3.217.92.42;48048;443;1;0x00000303;4865,4866,4867,49195,49196,52393,49199,49200,52392,49171,49172,156,157,47,53;0,23,65281,10,11,35,16,5,13,51,45,43,21;sendbirdproxyk8s.chat.redditmedia.com;0x0000001d,0x00000017,0x00000018;0
3.217.92.42;10.0.2.16;443;48046;2;0x00000303;49199;0,11,65281,35;;;0
3.217.92.42;10.0.2.16;443;48048;2;0x00000303;49199;0,11,65281,35;;;0
10.0.2.16;3.217.92.42;48050;443;1;0x00000303;4865,4866,4867,49195,49196,52393,49199,49200,52392,49171,49172,156,157,47,53;0,23,65281,10,11,35,16,5,13,51,45,43,21;sendbirdproxyk8s.chat.redditmedia.com;0x0000001d,0x00000017,0x00000018;0
3.217.92.42;10.0.2.16;443;48050;2;0x00000303;49199;11,65281;;;0
10.0.2.16;151.101.1.140;35234;443;1;0x00000303;4865,4866,4867,49195,49196,52393,49199,49200,52392,49171,49172,156,157,47,53;0,23,65281,10,11,35,16,5,13,51,45,43,21;oauth.reddit.com;0x0000001d,0x00000017,0x00000018;0
10.0.2.16;151.101.1.140;35236;443;1;0x00000303;4865,4866,4867,49195,49196,52393,49199,49200,52392,49171,49172,156,157,47,53;0,23,65281,10,11,35,16,5,13,51,45,43,21;oauth.reddit.com;0x0000001d,0x00000017,0x00000018;0
151.101.1.140;10.0.2.16;443;35234;2;0x00000303;49199;65281,0,11,35,5,16,23;;;0,1,2
151.101.1.140;10.0.2.16;443;35236;2;0x00000303;49199;65281,0,11,35,5,16,23;;;0,1,2
10.0.2.16;151.101.65.140;45794;443;1;0x00000303;4865,4866,4867,49195,49196,52393,49199,49200,52392,49171,49172,156,157,47,53;0,23,65281,10,11,35,16,5,13,51,45,43,21;preview.redd.it;0x0000001d,0x00000017,0x00000018;0
151.101.65.140;10.0.2.16;443;45794;2;0x00000303;49199;65281,16,23;;;
10.0.2.16;151.101.1.140;35240;443;1;0x00000303;4865,4866,4867,49195,49196,52393,49199,49200,52392,49171,49172,156,157,47,53;0,23,65281,10,11,35,16,5,13,51,45,43,21;styles.redditmedia.com;0x0000001d,0x00000017,0x00000018;0
151.101.1.140;10.0.2.16;443;35240;2;0x00000303;49199;65281,0,11,35,5,16,23;;;0,1,2
10.0.2.16;99.86.242.66;52960;443;1;0x00000303;4865,4866,4867,49195,49196,52393,49199,49200,52392,49161,49162,49171,49172,156,157,47,53;0,23,65281,10,11,35,16,5,13,51,45,43,21;inapps.appsflyer.com;0x0000001d,0x00000017,0x00000018;0
99.86.242.66;10.0.2.16;443;52960;2;0x00000303;4865;43,51;;;
10.0.2.16;151.101.129.140;59030;443;1;0x00000303;4865,4866,4867,49195,49196,52393,49199,49200,52392,49171,49172,156,157,47,53;0,23,65281,10,11,35,16,5,13,51,45,43,21;emoji.redditmedia.com;0x0000001d,0x00000017,0x00000018;0
10.0.2.16;151.101.129.140;59032;443;1;0x00000303;4865,4866,4867,49195,49196,52393,49199,49200,52392,49171,49172,156,157,47,53;0,23,65281,10,11,35,16,5,13,51,45,43,21;emoji.redditmedia.com;0x0000001d,0x00000017,0x00000018;0
151.101.129.140;10.0.2.16;443;59030;2;0x00000303;49199;65281,0,11,35,5,16,23;;;0,1,2
151.101.129.140;10.0.2.16;443;59032;2;0x00000303;49199;65281,0,11,35,5,16,23;;;0,1,2
10.0.2.16;151.101.193.140;39456;443;1;0x00000303;4865,4866,4867,49195,49196,52393,49199,49200,52392,49171,49172,156,157,47,53;0,23,65281,10,11,35,16,5,13,51,45,43,21;styles.redditmedia.com;0x0000001d,0x00000017,0x00000018;0
151.101.193.140;10.0.2.16;443;39456;2;0x00000303;49199;65281,16,23;;;
10.0.2.16;99.86.242.107;36980;443;1;0x00000303;4865,4866,4867,49195,49196,52393,49199,49200,52392,49161,49162,49171,49172,156,157,47,53;0,23,65281,10,11,35,16,5,13,51,45,43,21;api2.branch.io;0x0000001d,0x00000017,0x00000018;0
99.86.242.107;10.0.2.16;443;36980;2;0x00000303;4865;43,51;;;
10.0.2.16;151.101.1.140;35252;443;1;0x00000303;4865,4866,4867,49195,49196,52393,49199,49200,52392,49171,49172,156,157,47,53;0,23,65281,10,11,35,16,5,13,51,45,43,21;gql.reddit.com;0x0000001d,0x00000017,0x00000018;0
10.0.2.16;151.101.1.140;35254;443;1;0x00000303;4865,4866,4867,49195,49196,52393,49199,49200,52392,49171,49172,156,157,47,53;0,23,65281,10,11,35,16,5,13,51,45,43,21;gql.reddit.com;0x0000001d,0x00000017,0x00000018;0
151.101.1.140;10.0.2.16;443;35252;2;0x00000303;49199;65281,0,11,35,5,16,23;;;0,1,2
151.101.1.140;10.0.2.16;443;35254;2;0x00000303;49199;65281,0,11,35,5,16,23;;;0,1,2
10.0.2.16;99.86.242.107;36986;443;1;0x00000303;4865,4866,4867,49195,49196,52393,49199,49200,52392,49161,49162,49171,49172,156,157,47,53;0,23,65281,10,11,35,16,5,13,51,45,43,21;api2.branch.io;0x0000001d,0x00000017,0x00000018;0
99.86.242.107;10.0.2.16;443;36986;2;0x00000303;4865;43,51;;;
10.0.2.16;99.86.242.44;58502;443;1;0x00000303;4865,4866,4867,49195,49196,52393,49199,49200,52392,49161,49162,49171,49172,156,157,47,53;0,23,65281,10,11,35,16,5,13,51,45,43,21;launches.appsflyer.com;0x0000001d,0x00000017,0x00000018;0
99.86.242.44;10.0.2.16;443;58502;2;0x00000303;4865;43,51;;;
10.0.2.16;99.86.242.15;46992;443;1;0x00000303;4865,4866,4867,49195,49196,52393,49199,49200,52392,49161,49162,49171,49172,156,157,47,53;0,23,65281,10,11,35,16,5,13,51,45,43,21;cdn.branch.io;0x0000001d,0x00000017,0x00000018;0
99.86.242.15;10.0.2.16;443;46992;2;0x00000303;4865;43,51;;;
10.0.2.16;151.101.65.140;45818;443;1;0x00000303;4865,4866,4867,49195,49196,52393,49199,49200,52392,49171,49172,156,157,47,53;0,23,65281,10,11,35,16,5,13,51,45,43,21;b.thumbs.redditmedia.com;0x0000001d,0x00000017,0x00000018;0
151.101.65.140;10.0.2.16;443;45818;2;0x00000303;49199;65281,0,11,35,5,16,23;;;0,1,2
10.0.2.16;172.217.23.234;44980;443;1;0x00000303;4865,4866,4867,49195,49196,52393,49199,49200,52392,49161,49162,49171,49172,156,157,47,53;0,23,65281,10,11,35,16,5,13,51,45,43,21;play.googleapis.com;0x0000001d,0x00000017,0x00000018;0
172.217.23.234;10.0.2.16;443;44980;2;0x00000303;4865;51,43;;;
10.0.2.16;151.101.1.140;35268;443;1;0x00000303;4865,4866,4867,49195,49196,52393,49199,49200,52392,49161,49162,49171,49172,156,157,47,53;0,23,65281,10,11,35,16,5,13,51,45,43,21;watch.redd.it;0x0000001d,0x00000017,0x00000018;0
151.101.1.140;10.0.2.16;443;35268;2;0x00000303;49199;65281,0,11,35,5,16,23;;;0,1,2
10.0.2.16;151.101.129.140;59056;443;1;0x00000303;4865,4866,4867,49195,49196,52393,49199,49200,52392,49171,49172,156,157,47,53;0,23,65281,10,11,35,16,5,13,51,45,43,21;preview.redd.it;0x0000001d,0x00000017,0x00000018;0
151.101.129.140;10.0.2.16;443;59056;2;0x00000303;49199;65281,0,11,35,5,16,23;;;0,1,2
10.0.2.16;151.101.1.140;35272;443;1;0x00000303;4865,4866,4867,49195,49196,52393,49199,49200,52392,49171,49172,156,157,47,53;0,23,65281,10,11,35,16,5,13,51,45,43,21;styles.redditmedia.com;0x0000001d,0x00000017,0x00000018;0
151.101.1.140;10.0.2.16;443;35272;2;0x00000303;49199;65281,0,11,35,5,16,23;;;0,1,2
10.0.2.16;13.32.1.214;48008;443;1;0x00000303;4865,4866,4867,49195,49196,52393,49199,49200,52392,49171,49172,156,157,47,53;0,23,65281,10,11,35,16,5,13,51,45,43,21;impression.appsflyer.com;0x0000001d,0x00000017,0x00000018;0
10.0.2.16;151.101.129.140;59060;443;1;0x00000303;4865,4866,4867,49195,49196,52393,49199,49200,52392,49171,49172,156,157,47,53;0,23,65281,10,11,35,16,5,13,51,45,43,21;www.redditstatic.com;0x0000001d,0x00000017,0x00000018;0
13.32.1.214;10.0.2.16;443;48008;2;0x00000303;4865;43,51;;;
10.0.2.16;151.101.129.140;59064;443;1;0x00000303;4865,4866,4867,49195,49196,52393,49199,49200,52392,49171,49172,156,157,47,53;0,23,65281,10,11,35,16,5,13,51,45,43,21;www.redditstatic.com;0x0000001d,0x00000017,0x00000018;0
151.101.129.140;10.0.2.16;443;59060;2;0x00000303;49199;65281,0,11,35,5,16,23;;;0,1,2
151.101.129.140;10.0.2.16;443;59064;2;0x00000303;49199;65281,0,11,35,5,16,23;;;0,1,2
10.0.2.16;151.101.129.140;59066;443;1;0x00000303;4865,4866,4867,49195,49196,52393,49199,49200,52392,49171,49172,156,157,47,53;0,23,65281,10,11,35,16,5,13,51,45,43,21;b.thumbs.redditmedia.com;0x0000001d,0x00000017,0x00000018;0
151.101.129.140;10.0.2.16;443;59066;2;0x00000303;49199;65281,16,23;;;
10.0.2.16;151.101.129.140;59070;443;1;0x00000303;4865,4866,4867,49195,49196,52393,49199,49200,52392,49171,49172,156,157,47,53;0,23,65281,10,11,35,16,5,13,51,45,43,21;preview.redd.it;0x0000001d,0x00000017,0x00000018;0
10.0.2.16;151.101.1.140;35286;443;1;0x00000303;4865,4866,4867,49195,49196,52393,49199,49200,52392,49171,49172,156,157,47,53;0,23,65281,10,11,35,16,5,13,51,45,43,21;external-preview.redd.it;0x0000001d,0x00000017,0x00000018;0
151.101.129.140;10.0.2.16;443;59070;2;0x00000303;49199;65281,16,23;;;
10.0.2.16;151.101.193.140;39496;443;1;0x00000303;4865,4866,4867,49195,49196,52393,49199,49200,52392,49171,49172,156,157,47,53;0,23,65281,10,11,35,16,5,13,51,45,43,21;www.redditstatic.com;0x0000001d,0x00000017,0x00000018;0
151.101.1.140;10.0.2.16;443;35286;2;0x00000303;49199;65281,0,11,35,5,16,23;;;0,1,2
10.0.2.16;151.101.193.140;39498;443;1;0x00000303;4865,4866,4867,49195,49196,52393,49199,49200,52392,49161,49162,49171,49172,156,157,47,53;0,23,65281,10,11,35,16,5,13,51,45,43,21;v.redd.it;0x0000001d,0x00000017,0x00000018;0
10.0.2.16;151.101.193.140;39500;443;1;0x00000303;4865,4866,4867,49195,49196,52393,49199,49200,52392,49171,49172,156,157,47,53;0,23,65281,10,11,35,16,5,13,51,45,43,21;www.redditstatic.com;0x0000001d,0x00000017,0x00000018;0
151.101.193.140;10.0.2.16;443;39496;2;0x00000303;49199;65281,16,23;;;
151.101.193.140;10.0.2.16;443;39498;2;0x00000303;49199;65281,0,11,35,5,16,23;;;0,1,2
151.101.193.140;10.0.2.16;443;39500;2;0x00000303;49199;65281,16,23;;;
10.0.2.16;151.101.193.140;39516;443;1;0x00000303;4865,4866,4867,49195,49196,52393,49199,49200,52392,49161,49162,49171,49172,156,157,47,53;0,23,65281,10,11,35,16,5,13,51,45,43,21;v.redd.it;0x0000001d,0x00000017,0x00000018;0
10.0.2.16;151.101.193.140;39518;443;1;0x00000303;4865,4866,4867,49195,49196,52393,49199,49200,52392,49161,49162,49171,49172,156,157,47,53;0,23,65281,10,11,35,16,5,13,51,45,43,21;v.redd.it;0x0000001d,0x00000017,0x00000018;0
151.101.193.140;10.0.2.16;443;39516;2;0x00000303;49199;65281,16,23;;;
151.101.193.140;10.0.2.16;443;39518;2;0x00000303;49199;65281,16,23;;;
10.0.2.16;151.101.193.140;39520;443;1;0x00000303;4865,4866,4867,49195,49196,52393,49199,49200,52392,49161,49162,49171,49172,156,157,47,53;0,23,65281,10,11,35,16,5,13,51,45,43,21;v.redd.it;0x0000001d,0x00000017,0x00000018;0
151.101.193.140;10.0.2.16;443;39520;2;0x00000303;49199;65281,16,23;;;
10.0.2.16;151.101.193.140;39522;443;1;0x00000303;4865,4866,4867,49195,49196,52393,49199,49200,52392,49161,49162,49171,49172,156,157,47,53;0,23,65281,10,11,35,16,5,13,51,45,43,21;v.redd.it;0x0000001d,0x00000017,0x00000018;0
151.101.193.140;10.0.2.16;443;39522;2;0x00000303;49199;65281,16,23;;;
10.0.2.16;151.101.193.140;39530;443;1;0x00000303;4865,4866,4867,49195,49196,52393,49199,49200,52392,49161,49162,49171,49172,156,157,47,53;0,23,65281,10,11,35,16,5,13,51,45,43,21;v.redd.it;0x0000001d,0x00000017,0x00000018;0
151.101.193.140;10.0.2.16;443;39530;2;0x00000303;49199;65281,16,23;;;
10.0.2.16;151.101.193.140;39536;443;1;0x00000303;4865,4866,4867,49195,49196,52393,49199,49200,52392,49161,49162,49171,49172,156,157,47,53;0,23,65281,10,11,35,16,5,13,51,45,43,21;v.redd.it;0x0000001d,0x00000017,0x00000018;0
151.101.193.140;10.0.2.16;443;39536;2;0x00000303;49199;65281,16,23;;;
10.0.2.16;151.101.65.140;45890;443;1;0x00000303;4865,4866,4867,49195,49196,52393,49199,49200,52392,49161,49162,49171,49172,156,157,47,53;0,23,65281,10,11,35,16,5,13,51,45,43,21;v.redd.it;0x0000001d,0x00000017,0x00000018;0
151.101.65.140;10.0.2.16;443;45890;2;0x00000303;49199;65281,16,23;;;
10.0.2.16;151.101.65.140;45892;443;1;0x00000303;4865,4866,4867,49195,49196,52393,49199,49200,52392,49171,49172,156,157,47,53;0,23,65281,10,11,35,16,5,13,51,45,43,21;styles.redditmedia.com;0x0000001d,0x00000017,0x00000018;0
151.101.65.140;10.0.2.16;443;45892;2;0x00000303;49199;65281,16,23;;;
10.0.2.16;151.101.65.140;45898;443;1;0x00000303;4865,4866,4867,49195,49196,52393,49199,49200,52392,49161,49162,49171,49172,156,157,47,53;0,23,65281,10,11,35,16,5,13,51,45,43,21;v.redd.it;0x0000001d,0x00000017,0x00000018;0
151.101.65.140;10.0.2.16;443;45898;2;0x00000303;49199;65281,16,23;;;
10.0.2.16;151.101.65.140;45914;443;1;0x00000303;4865,4866,4867,49195,49196,52393,49199,49200,52392,49161,49162,49171,49172,156,157,47,53;0,23,65281,10,11,35,16,5,13,51,45,43,21;v.redd.it;0x0000001d,0x00000017,0x00000018;0
151.101.65.140;10.0.2.16;443;45914;2;0x00000303;49199;65281,16,23;;;
10.0.2.16;151.101.65.140;45920;443;1;0x00000303;4865,4866,4867,49195,49196,52393,49199,49200,52392,49161,49162,49171,49172,156,157,47,53;0,23,65281,10,11,35,16,5,13,51,45,43,21;v.redd.it;0x0000001d,0x00000017,0x00000018;0
151.101.65.140;10.0.2.16;443;45920;2;0x00000303;49199;65281,16,23;;;
10.0.2.16;151.101.129.140;59164;443;1;0x00000303;4865,4866,4867,49195,49196,52393,49199,49200,52392,49161,49162,49171,49172,156,157,47,53;0,23,65281,10,11,35,16,5,13,51,45,43,21;v.redd.it;0x0000001d,0x00000017,0x00000018;0
151.101.129.140;10.0.2.16;443;59164;2;0x00000303;49199;65281,16,23;;;
10.0.2.16;151.101.129.140;59172;443;1;0x00000303;4865,4866,4867,49195,49196,52393,49199,49200,52392,49161,49162,49171,49172,156,157,47,53;0,23,65281,10,11,35,16,5,13,51,45,43,21;v.redd.it;0x0000001d,0x00000017,0x00000018;0
151.101.129.140;10.0.2.16;443;59172;2;0x00000303;49199;65281,16,23;;;
10.0.2.16;185.151.204.50;55628;443;1;0x00000303;4865,4866,4867,49195,49196,52393,49199,49200,52392,49171,49172,156,157,47,53;0,23,65281,10,11,35,16,5,13,51,45,43,21;view.adjust.com;0x0000001d,0x00000017,0x00000018;0
185.151.204.50;10.0.2.16;443;55628;2;0x00000303;4866;43,51;;;
10.0.2.16;151.101.129.140;59260;443;1;0x00000303;4865,4866,4867,49195,49196,52393,49199,49200,52392,49161,49162,49171,49172,156,157,47,53;0,23,65281,10,11,35,16,5,13,51,45,43,21;v.redd.it;0x0000001d,0x00000017,0x00000018;0
151.101.129.140;10.0.2.16;443;59260;2;0x00000303;49199;65281,16,23;;;
10.0.2.16;151.101.129.140;59266;443;1;0x00000303;4865,4866,4867,49195,49196,52393,49199,49200,52392,49161,49162,49171,49172,156,157,47,53;0,23,65281,10,11,35,16,5,13,51,45,43,21;v.redd.it;0x0000001d,0x00000017,0x00000018;0
151.101.129.140;10.0.2.16;443;59266;2;0x00000303;49199;65281,16,23;;;
10.0.2.16;151.101.129.140;59268;443;1;0x00000303;4865,4866,4867,49195,49196,52393,49199,49200,52392,49171,49172,156,157,47,53;0,23,65281,10,11,35,16,5,13,51,45,43,21;e.reddit.com;0x0000001d,0x00000017,0x00000018;0
151.101.129.140;10.0.2.16;443;59268;2;0x00000303;49199;65281,0,11,35,5,16,23;;;0,1,2
10.0.2.16;151.101.1.140;35484;443;1;0x00000303;4865,4866,4867,49195,49196,52393,49199,49200,52392,49171,49172,156,157,47,53;0,23,65281,10,11,35,16,5,13,51,45,43,21;b.thumbs.redditmedia.com;0x0000001d,0x00000017,0x00000018;0
151.101.1.140;10.0.2.16;443;35484;2;0x00000303;49199;65281,16,23;;;
10.0.2.16;151.101.65.140;46042;443;1;0x00000303;4865,4866,4867,49195,49196,52393,49199,49200,52392,49171,49172,156,157,47,53;0,23,65281,10,11,35,16,5,13,51,45,43,21;styles.redditmedia.com;0x0000001d,0x00000017,0x00000018;0
151.101.65.140;10.0.2.16;443;46042;2;0x00000303;49199;65281,16,23;;;
10.0.2.16;151.101.129.140;59274;443;1;0x00000303;4865,4866,4867,49195,49196,52393,49199,49200,52392,49171,49172,156,157,47,53;0,23,65281,10,11,35,16,5,13,51,45,43,21;oauth.reddit.com;0x0000001d,0x00000017,0x00000018;0
10.0.2.16;151.101.129.140;59276;443;1;0x00000303;4865,4866,4867,49195,49196,52393,49199,49200,52392,49171,49172,156,157,47,53;0,23,65281,10,11,35,16,5,13,51,45,43,21;oauth.reddit.com;0x0000001d,0x00000017,0x00000018;0
151.101.129.140;10.0.2.16;443;59274;2;0x00000303;49199;65281,0,11,35,5,16,23;;;0,1,2
151.101.129.140;10.0.2.16;443;59276;2;0x00000303;49199;65281,0,11,35,5,16,23;;;0,1,2
10.0.2.16;151.101.1.140;35502;443;1;0x00000303;4865,4866,4867,49195,49196,52393,49199,49200,52392,49161,49162,49171,49172,156,157,47,53;0,23,65281,10,11,35,16,5,13,51,45,43,21;v.redd.it;0x0000001d,0x00000017,0x00000018;0
151.101.1.140;10.0.2.16;443;35502;2;0x00000303;49199;65281,16,23;;;
10.0.2.16;151.101.1.140;35504;443;1;0x00000303;4865,4866,4867,49195,49196,52393,49199,49200,52392,49161,49162,49171,49172,156,157,47,53;0,23,65281,10,11,35,16,5,13,51,45,43,21;v.redd.it;0x0000001d,0x00000017,0x00000018;0
151.101.1.140;10.0.2.16;443;35504;2;0x00000303;49199;65281,16,23;;;
10.0.2.16;151.101.1.140;35510;443;1;0x00000303;4865,4866,4867,49195,49196,52393,49199,49200,52392,49161,49162,49171,49172,156,157,47,53;0,23,65281,10,11,35,16,5,13,51,45,43,21;v.redd.it;0x0000001d,0x00000017,0x00000018;0
10.0.2.16;151.101.1.140;35512;443;1;0x00000303;4865,4866,4867,49195,49196,52393,49199,49200,52392,49161,49162,49171,49172,156,157,47,53;0,23,65281,10,11,35,16,5,13,51,45,43,21;v.redd.it;0x0000001d,0x00000017,0x00000018;0
151.101.1.140;10.0.2.16;443;35510;2;0x00000303;49199;65281,16,23;;;
151.101.1.140;10.0.2.16;443;35512;2;0x00000303;49199;65281,16,23;;;
10.0.2.16;151.101.1.140;35518;443;1;0x00000303;4865,4866,4867,49195,49196,52393,49199,49200,52392,49161,49162,49171,49172,156,157,47,53;0,23,65281,10,11,35,16,5,13,51,45,43,21;v.redd.it;0x0000001d,0x00000017,0x00000018;0
151.101.1.140;10.0.2.16;443;35518;2;0x00000303;49199;65281,16,23;;;
10.0.2.16;151.101.1.140;35524;443;1;0x00000303;4865,4866,4867,49195,49196,52393,49199,49200,52392,49161,49162,49171,49172,156,157,47,53;0,23,65281,10,11,35,16,5,13,51,45,43,21;v.redd.it;0x0000001d,0x00000017,0x00000018;0
151.101.1.140;10.0.2.16;443;35524;2;0x00000303;49199;65281,16,23;;;
10.0.2.16;99.86.242.7;49546;443;1;0x00000303;4865,4866,4867,49195,49196,52393,49199,49200,52392,49161,49162,49171,49172,156,157,47,53;0,23,65281,10,11,35,16,5,13,51,45,43,21;api2.branch.io;0x0000001d,0x00000017,0x00000018;0
99.86.242.7;10.0.2.16;443;49546;2;0x00000303;4865;43,51;;;
10.0.2.16;151.101.193.140;39742;443;1;0x00000303;4865,4866,4867,49195,49196,52393,49199,49200,52392,49171,49172,156,157,47,53;0,23,65281,10,11,35,16,5,13,51,45,43,21;gql.reddit.com;0x0000001d,0x00000017,0x00000018;0
10.0.2.16;151.101.193.140;39744;443;1;0x00000303;4865,4866,4867,49195,49196,52393,49199,49200,52392,49171,49172,156,157,47,53;0,23,65281,10,11,35,16,5,13,51,45,43,21;gql.reddit.com;0x0000001d,0x00000017,0x00000018;0
10.0.2.16;151.101.1.140;35538;443;1;0x00000303;4865,4866,4867,49195,49196,52393,49199,49200,52392,49171,49172,156,157,47,53;0,23,65281,10,11,35,16,5,13,51,45,43,21;oauth.reddit.com;0x0000001d,0x00000017,0x00000018;0
151.101.193.140;10.0.2.16;443;39742;2;0x00000303;49199;65281,0,11,35,5,16,23;;;0,1,2
151.101.193.140;10.0.2.16;443;39744;2;0x00000303;49199;65281,0,11,35,5,16,23;;;0,1,2
151.101.1.140;10.0.2.16;443;35538;2;0x00000303;49199;65281,0,11,35,5,16,23;;;0,1,2
10.0.2.16;99.86.242.7;49554;443;1;0x00000303;4865,4866,4867,49195,49196,52393,49199,49200,52392,49161,49162,49171,49172,156,157,47,53;0,23,65281,10,11,35,16,5,13,51,45,43,21;api2.branch.io;0x0000001d,0x00000017,0x00000018;0
99.86.242.7;10.0.2.16;443;49554;2;0x00000303;4865;43,51;;;
10.0.2.16;99.86.242.9;36896;443;1;0x00000303;4865,4866,4867,49195,49196,52393,49199,49200,52392,49161,49162,49171,49172,156,157,47,53;0,23,65281,10,11,35,16,5,13,51,45,43,21;launches.appsflyer.com;0x0000001d,0x00000017,0x00000018;0
99.86.242.9;10.0.2.16;443;36896;2;0x00000303;4865;43,51;;;
10.0.2.16;99.86.242.15;47276;443;1;0x00000303;4865,4866,4867,49195,49196,52393,49199,49200,52392,49161,49162,49171,49172,156,157,47,53;0,23,65281,10,11,35,16,5,13,51,45,43,21;cdn.branch.io;0x0000001d,0x00000017,0x00000018;0
99.86.242.15;10.0.2.16;443;47276;2;0x00000303;4865;43,51;;;
10.0.2.16;151.101.65.140;46102;443;1;0x00000303;4865,4866,4867,49195,49196,52393,49199,49200,52392,49171,49172,156,157,47,53;0,23,65281,10,11,35,16,5,13,51,45,43,21;preview.redd.it;0x0000001d,0x00000017,0x00000018;0
10.0.2.16;151.101.129.140;59334;443;1;0x00000303;4865,4866,4867,49195,49196,52393,49199,49200,52392,49171,49172,156,157,47,53;0,23,65281,10,11,35,16,5,13,51,45,43,21;b.thumbs.redditmedia.com;0x0000001d,0x00000017,0x00000018;0
10.0.2.16;151.101.65.140;46106;443;1;0x00000303;4865,4866,4867,49195,49196,52393,49199,49200,52392,49171,49172,156,157,47,53;0,23,65281,10,11,35,16,5,13,51,45,43,21;styles.redditmedia.com;0x0000001d,0x00000017,0x00000018;0
151.101.65.140;10.0.2.16;443;46102;2;0x00000303;49199;65281,0,11,35,5,16,23;;;0,1,2
151.101.129.140;10.0.2.16;443;59334;2;0x00000303;49199;65281,0,11,35,5,16,23;;;0,1,2
151.101.65.140;10.0.2.16;443;46106;2;0x00000303;49199;65281,0,11,35,5,16,23;;;0,1,2
10.0.2.16;151.101.129.140;59342;443;1;0x00000303;4865,4866,4867,49195,49196,52393,49199,49200,52392,49161,49162,49171,49172,156,157,47,53;0,23,65281,10,11,35,16,5,13,51,45,43,21;v.redd.it;0x0000001d,0x00000017,0x00000018;0
151.101.129.140;10.0.2.16;443;59342;2;0x00000303;49199;65281,0,11,35,5,16,23;;;0,1,2
10.0.2.16;151.101.129.140;59360;443;1;0x00000303;4865,4866,4867,49195,49196,52393,49199,49200,52392,49161,49162,49171,49172,156,157,47,53;0,23,65281,10,11,35,16,5,13,51,45,43,21;v.redd.it;0x0000001d,0x00000017,0x00000018;0
10.0.2.16;151.101.129.140;59358;443;1;0x00000303;4865,4866,4867,49195,49196,52393,49199,49200,52392,49161,49162,49171,49172,156,157,47,53;0,23,65281,10,11,35,16,5,13,51,45,43,21;v.redd.it;0x0000001d,0x00000017,0x00000018;0
151.101.129.140;10.0.2.16;443;59360;2;0x00000303;49199;65281,16,23;;;
151.101.129.140;10.0.2.16;443;59358;2;0x00000303;49199;65281,16,23;;;
10.0.2.16;151.101.129.140;59362;443;1;0x00000303;4865,4866,4867,49195,49196,52393,49199,49200,52392,49161,49162,49171,49172,156,157,47,53;0,23,65281,10,11,35,16,5,13,51,45,43,21;v.redd.it;0x0000001d,0x00000017,0x00000018;0
10.0.2.16;151.101.129.140;59364;443;1;0x00000303;4865,4866,4867,49195,49196,52393,49199,49200,52392,49161,49162,49171,49172,156,157,47,53;0,23,65281,10,11,35,16,5,13,51,45,43,21;v.redd.it;0x0000001d,0x00000017,0x00000018;0
151.101.129.140;10.0.2.16;443;59362;2;0x00000303;49199;65281,16,23;;;
151.101.129.140;10.0.2.16;443;59364;2;0x00000303;49199;65281,16,23;;;
10.0.2.16;185.151.204.50;55772;443;1;0x00000303;4865,4866,4867,49195,49196,52393,49199,49200,52392,49171,49172,156,157,47,53;0,23,65281,10,11,35,16,5,13,51,45,43,21;view.adjust.com;0x0000001d,0x00000017,0x00000018;0
185.151.204.50;10.0.2.16;443;55772;2;0x00000303;4866;43,51;;;
10.0.2.16;151.101.129.140;59370;443;1;0x00000303;4865,4866,4867,49195,49196,52393,49199,49200,52392,49161,49162,49171,49172,156,157,47,53;0,23,65281,10,11,35,16,5,13,51,45,43,21;v.redd.it;0x0000001d,0x00000017,0x00000018;0
151.101.129.140;10.0.2.16;443;59370;2;0x00000303;49199;65281,16,23;;;
10.0.2.16;151.101.129.140;59376;443;1;0x00000303;4865,4866,4867,49195,49196,52393,49199,49200,52392,49161,49162,49171,49172,156,157,47,53;0,23,65281,10,11,35,16,5,13,51,45,43,21;v.redd.it;0x0000001d,0x00000017,0x00000018;0
151.101.129.140;10.0.2.16;443;59376;2;0x00000303;49199;65281,16,23;;;
10.0.2.16;151.101.129.140;59378;443;1;0x00000303;4865,4866,4867,49195,49196,52393,49199,49200,52392,49161,49162,49171,49172,156,157,47,53;0,23,65281,10,11,35,16,5,13,51,45,43,21;v.redd.it;0x0000001d,0x00000017,0x00000018;0
151.101.129.140;10.0.2.16;443;59378;2;0x00000303;49199;65281,16,23;;;
10.0.2.16;151.101.129.140;59384;443;1;0x00000303;4865,4866,4867,49195,49196,52393,49199,49200,52392,49161,49162,49171,49172,156,157,47,53;0,23,65281,10,11,35,16,5,13,51,45,43,21;v.redd.it;0x0000001d,0x00000017,0x00000018;0
151.101.129.140;10.0.2.16;443;59384;2;0x00000303;49199;65281,16,23;;;
10.0.2.16;151.101.129.140;59390;443;1;0x00000303;4865,4866,4867,49195,49196,52393,49199,49200,52392,49161,49162,49171,49172,156,157,47,53;0,23,65281,10,11,35,16,5,13,51,45,43,21;v.redd.it;0x0000001d,0x00000017,0x00000018;0
151.101.129.140;10.0.2.16;443;59390;2;0x00000303;49199;65281,16,23;;;
10.0.2.16;151.101.129.140;59394;443;1;0x00000303;4865,4866,4867,49195,49196,52393,49199,49200,52392,49161,49162,49171,49172,156,157,47,53;0,23,65281,10,11,35,16,5,13,51,45,43,21;v.redd.it;0x0000001d,0x00000017,0x00000018;0
151.101.129.140;10.0.2.16;443;59394;2;0x00000303;49199;65281,16,23;;;
10.0.2.16;151.101.129.140;59400;443;1;0x00000303;4865,4866,4867,49195,49196,52393,49199,49200,52392,49161,49162,49171,49172,156,157,47,53;0,23,65281,10,11,35,16,5,13,51,45,43,21;v.redd.it;0x0000001d,0x00000017,0x00000018;0
151.101.129.140;10.0.2.16;443;59400;2;0x00000303;49199;65281,16,23;;;
10.0.2.16;151.101.129.140;59402;443;1;0x00000303;4865,4866,4867,49195,49196,52393,49199,49200,52392,49161,49162,49171,49172,156,157,47,53;0,23,65281,10,11,35,16,5,13,51,45,43,21;v.redd.it;0x0000001d,0x00000017,0x00000018;0
151.101.129.140;10.0.2.16;443;59402;2;0x00000303;49199;65281,16,23;;;
10.0.2.16;151.101.193.140;39826;443;1;0x00000303;4865,4866,4867,49195,49196,52393,49199,49200,52392,49161,49162,49171,49172,156,157,47,53;0,23,65281,10,11,35,16,5,13,51,45,43,21;watch.redd.it;0x0000001d,0x00000017,0x00000018;0
151.101.193.140;10.0.2.16;443;39826;2;0x00000303;49199;65281,0,11,35,5,16,23;;;0,1,2
10.0.2.16;151.101.129.140;59418;443;1;0x00000303;4865,4866,4867,49195,49196,52393,49199,49200,52392,49161,49162,49171,49172,156,157,47,53;0,23,65281,10,11,35,16,5,13,51,45,43,21;v.redd.it;0x0000001d,0x00000017,0x00000018;0
151.101.129.140;10.0.2.16;443;59418;2;0x00000303;49199;65281,16,23;;;
10.0.2.16;151.101.193.140;39846;443;1;0x00000303;4865,4866,4867,49195,49196,52393,49199,49200,52392,49161,49162,49171,49172,156,157,47,53;0,23,65281,10,11,35,16,5,13,51,45,43,21;watch.redd.it;0x0000001d,0x00000017,0x00000018;0
151.101.193.140;10.0.2.16;443;39846;2;0x00000303;49199;65281,16,23;;;
10.0.2.16;151.101.65.140;46242;443;1;0x00000303;4865,4866,4867,49195,49196,52393,49199,49200,52392,49171,49172,156,157,47,53;0,23,65281,10,11,35,16,5,13,51,45,43,21;styles.redditmedia.com;0x0000001d,0x00000017,0x00000018;0
10.0.2.16;151.101.65.140;46244;443;1;0x00000303;4865,4866,4867,49195,49196,52393,49199,49200,52392,49171,49172,156,157,47,53;0,23,65281,10,11,35,16,5,13,51,45,43,21;styles.redditmedia.com;0x0000001d,0x00000017,0x00000018;0
151.101.65.140;10.0.2.16;443;46242;2;0x00000303;49199;65281,16,23;;;
151.101.65.140;10.0.2.16;443;46244;2;0x00000303;49199;65281,16,23;;;
10.0.2.16;151.101.1.140;35694;443;1;0x00000303;4865,4866,4867,49195,49196,52393,49199,49200,52392,49171,49172,156,157,47,53;0,23,65281,10,11,35,16,5,13,51,45,43,21;www.redditstatic.com;0x0000001d,0x00000017,0x00000018;0
151.101.1.140;10.0.2.16;443;35694;2;0x00000303;49199;65281,0,11,35,5,16,23;;;0,1,2
10.0.2.16;151.101.129.140;59482;443;1;0x00000303;4865,4866,4867,49195,49196,52393,49199,49200,52392,49161,49162,49171,49172,156,157,47,53;0,23,65281,10,11,35,16,5,13,51,45,43,21;preview.redd.it;0x0000001d,0x00000017,0x00000018;0
151.101.129.140;10.0.2.16;443;59482;2;0x00000303;49199;65281,0,11,35,5,16,23;;;0,1,2
10.0.2.16;185.151.204.201;51138;443;1;0x00000303;4865,4866,4867,49195,49196,52393,49199,49200,52392,49171,49172,156,157,47,53;0,23,65281,10,11,35,16,5,13,51,45,43,21;s2s.adjust.com;0x0000001d,0x00000017,0x00000018;0
185.151.204.201;10.0.2.16;443;51138;2;0x00000303;4866;43,51;;;
10.0.2.16;151.101.193.140;39926;443;1;0x00000303;4865,4866,4867,49195,49196,52393,49199,49200,52392,49161,49162,49171,49172,156,157,47,53;0,23,65281,10,11,35,16,5,13,51,45,43,21;v.redd.it;0x0000001d,0x00000017,0x00000018;0
10.0.2.16;151.101.193.140;39930;443;1;0x00000303;4865,4866,4867,49195,49196,52393,49199,49200,52392,49161,49162,49171,49172,156,157,47,53;0,23,65281,10,11,35,16,5,13,51,45,43,21;v.redd.it;0x0000001d,0x00000017,0x00000018;0
10.0.2.16;151.101.193.140;39928;443;1;0x00000303;4865,4866,4867,49195,49196,52393,49199,49200,52392,49161,49162,49171,49172,156,157,47,53;0,23,65281,10,11,35,16,5,13,51,45,43,21;v.redd.it;0x0000001d,0x00000017,0x00000018;0
10.0.2.16;151.101.193.140;39932;443;1;0x00000303;4865,4866,4867,49195,49196,52393,49199,49200,52392,49161,49162,49171,49172,156,157,47,53;0,23,65281,10,11,35,16,5,13,51,45,43,21;v.redd.it;0x0000001d,0x00000017,0x00000018;0
151.101.193.140;10.0.2.16;443;39926;2;0x00000303;49199;65281,16,23;;;
151.101.193.140;10.0.2.16;443;39930;2;0x00000303;49199;65281,16,23;;;
151.101.193.140;10.0.2.16;443;39928;2;0x00000303;49199;65281,16,23;;;
151.101.193.140;10.0.2.16;443;39932;2;0x00000303;49199;65281,16,23;;;
10.0.2.16;151.101.193.140;39938;443;1;0x00000303;4865,4866,4867,49195,49196,52393,49199,49200,52392,49161,49162,49171,49172,156,157,47,53;0,23,65281,10,11,35,16,5,13,51,45,43,21;v.redd.it;0x0000001d,0x00000017,0x00000018;0
10.0.2.16;151.101.193.140;39940;443;1;0x00000303;4865,4866,4867,49195,49196,52393,49199,49200,52392,49161,49162,49171,49172,156,157,47,53;0,23,65281,10,11,35,16,5,13,51,45,43,21;v.redd.it;0x0000001d,0x00000017,0x00000018;0
151.101.193.140;10.0.2.16;443;39938;2;0x00000303;49199;65281,16,23;;;
151.101.193.140;10.0.2.16;443;39940;2;0x00000303;49199;65281,16,23;;;
10.0.2.16;151.101.193.140;39942;443;1;0x00000303;4865,4866,4867,49195,49196,52393,49199,49200,52392,49161,49162,49171,49172,156,157,47,53;0,23,65281,10,11,35,16,5,13,51,45,43,21;v.redd.it;0x0000001d,0x00000017,0x00000018;0
10.0.2.16;151.101.193.140;39946;443;1;0x00000303;4865,4866,4867,49195,49196,52393,49199,49200,52392,49161,49162,49171,49172,156,157,47,53;0,23,65281,10,11,35,16,5,13,51,45,43,21;v.redd.it;0x0000001d,0x00000017,0x00000018;0
151.101.193.140;10.0.2.16;443;39942;2;0x00000303;49199;65281,16,23;;;
10.0.2.16;151.101.193.140;39950;443;1;0x00000303;4865,4866,4867,49195,49196,52393,49199,49200,52392,49161,49162,49171,49172,156,157,47,53;0,23,65281,10,11,35,16,5,13,51,45,43,21;v.redd.it;0x0000001d,0x00000017,0x00000018;0
151.101.193.140;10.0.2.16;443;39946;2;0x00000303;49199;65281,16,23;;;
151.101.193.140;10.0.2.16;443;39950;2;0x00000303;49199;65281,16,23;;;
10.0.2.16;151.101.193.140;39956;443;1;0x00000303;4865,4866,4867,49195,49196,52393,49199,49200,52392,49161,49162,49171,49172,156,157,47,53;0,23,65281,10,11,35,16,5,13,51,45,43,21;v.redd.it;0x0000001d,0x00000017,0x00000018;0
151.101.193.140;10.0.2.16;443;39956;2;0x00000303;49199;65281,16,23;;;
10.0.2.16;151.101.65.140;46306;443;1;0x00000303;4865,4866,4867,49195,49196,52393,49199,49200,52392,49171,49172,156,157,47,53;0,23,65281,10,11,35,16,5,13,51,45,43,21;e.reddit.com;0x0000001d,0x00000017,0x00000018;0
151.101.65.140;10.0.2.16;443;46306;2;0x00000303;49199;65281,0,11,35,5,16,23;;;0,1,2
10.0.2.16;151.101.193.140;39962;443;1;0x00000303;4865,4866,4867,49195,49196,52393,49199,49200,52392,49171,49172,156,157,47,53;0,23,65281,10,11,35,16,5,13,51,45,43,21;b.thumbs.redditmedia.com;0x0000001d,0x00000017,0x00000018;0
10.0.2.16;151.101.193.140;39960;443;1;0x00000303;4865,4866,4867,49195,49196,52393,49199,49200,52392,49171,49172,156,157,47,53;0,23,65281,10,11,35,16,5,13,51,45,43,21;preview.redd.it;0x0000001d,0x00000017,0x00000018;0
10.0.2.16;151.101.1.140;35756;443;1;0x00000303;4865,4866,4867,49195,49196,52393,49199,49200,52392,49171,49172,156,157,47,53;0,23,65281,10,11,35,16,5,13,51,45,43,21;alb.reddit.com;0x0000001d,0x00000017,0x00000018;0
151.101.193.140;10.0.2.16;443;39962;2;0x00000303;49199;65281,16,23;;;
151.101.1.140;10.0.2.16;443;35756;2;0x00000303;49199;65281,0,11,35,5,16,23;;;0,1,2
151.101.193.140;10.0.2.16;443;39960;2;0x00000303;49199;65281,16,23;;;
10.0.2.16;151.101.193.140;39970;443;1;0x00000303;4865,4866,4867,49195,49196,52393,49199,49200,52392,49161,49162,49171,49172,156,157,47,53;0,23,65281,10,11,35,16,5,13,51,45,43,21;v.redd.it;0x0000001d,0x00000017,0x00000018;0
10.0.2.16;151.101.193.140;39972;443;1;0x00000303;4865,4866,4867,49195,49196,52393,49199,49200,52392,49161,49162,49171,49172,156,157,47,53;0,23,65281,10,11,35,16,5,13,51,45,43,21;v.redd.it;0x0000001d,0x00000017,0x00000018;0
151.101.193.140;10.0.2.16;443;39970;2;0x00000303;49199;65281,16,23;;;
151.101.193.140;10.0.2.16;443;39972;2;0x00000303;49199;65281,16,23;;;
10.0.2.16;151.101.193.140;39978;443;1;0x00000303;4865,4866,4867,49195,49196,52393,49199,49200,52392,49161,49162,49171,49172,156,157,47,53;0,23,65281,10,11,35,16,5,13,51,45,43,21;v.redd.it;0x0000001d,0x00000017,0x00000018;0
10.0.2.16;151.101.193.140;39980;443;1;0x00000303;4865,4866,4867,49195,49196,52393,49199,49200,52392,49161,49162,49171,49172,156,157,47,53;0,23,65281,10,11,35,16,5,13,51,45,43,21;v.redd.it;0x0000001d,0x00000017,0x00000018;0
151.101.193.140;10.0.2.16;443;39978;2;0x00000303;49199;65281,16,23;;;
151.101.193.140;10.0.2.16;443;39980;2;0x00000303;49199;65281,16,23;;;
10.0.2.16;151.101.193.140;39986;443;1;0x00000303;4865,4866,4867,49195,49196,52393,49199,49200,52392,49161,49162,49171,49172,156,157,47,53;0,23,65281,10,11,35,16,5,13,51,45,43,21;v.redd.it;0x0000001d,0x00000017,0x00000018;0
151.101.193.140;10.0.2.16;443;39986;2;0x00000303;49199;65281,16,23;;;
10.0.2.16;151.101.1.140;35792;443;1;0x00000303;4865,4866,4867,49195,49196,52393,49199,49200,52392,49171,49172,156,157,47,53;0,23,65281,10,11,35,16,5,13,51,45,43,21;e.reddit.com;0x0000001d,0x00000017,0x00000018;0
151.101.1.140;10.0.2.16;443;35792;2;0x00000303;49199;65281,16,23;;;
10.0.2.16;151.101.129.140;59596;443;1;0x00000303;4865,4866,4867,49195,49196,52393,49199,49200,52392,49161,49162,49171,49172,156,157,47,53;0,23,65281,10,11,35,16,5,13,51,45,43,21;v.redd.it;0x0000001d,0x00000017,0x00000018;0
151.101.129.140;10.0.2.16;443;59596;2;0x00000303;49199;65281,16,23;;;
10.0.2.16;151.101.129.140;59598;443;1;0x00000303;4865,4866,4867,49195,49196,52393,49199,49200,52392,49171,49172,156,157,47,53;0,23,65281,10,11,35,16,5,13,51,45,43,21;styles.redditmedia.com;0x0000001d,0x00000017,0x00000018;0
151.101.129.140;10.0.2.16;443;59598;2;0x00000303;49199;65281,16,23;;;
10.0.2.16;151.101.129.140;59600;443;1;0x00000303;4865,4866,4867,49195,49196,52393,49199,49200,52392,49171,49172,156,157,47,53;0,23,65281,10,11,35,16,5,13,51,45,43,21;styles.redditmedia.com;0x0000001d,0x00000017,0x00000018;0
151.101.129.140;10.0.2.16;443;59600;2;0x00000303;49199;65281,16,23;;;
10.0.2.16;151.101.129.140;59606;443;1;0x00000303;4865,4866,4867,49195,49196,52393,49199,49200,52392,49161,49162,49171,49172,156,157,47,53;0,23,65281,10,11,35,16,5,13,51,45,43,21;v.redd.it;0x0000001d,0x00000017,0x00000018;0
10.0.2.16;151.101.129.140;59608;443;1;0x00000303;4865,4866,4867,49195,49196,52393,49199,49200,52392,49171,49172,156,157,47,53;0,23,65281,10,11,35,16,5,13,51,45,43,21;v.redd.it;0x0000001d,0x00000017,0x00000018;0
151.101.129.140;10.0.2.16;443;59606;2;0x00000303;49199;65281,16,23;;;
10.0.2.16;151.101.129.140;59610;443;1;0x00000303;4865,4866,4867,49195,49196,52393,49199,49200,52392,49171,49172,156,157,47,53;0,23,65281,10,11,35,16,5,13,51,45,43,21;v.redd.it;0x0000001d,0x00000017,0x00000018;0
151.101.129.140;10.0.2.16;443;59608;2;0x00000303;49199;65281,0,11,35,5,16,23;;;0,1,2
151.101.129.140;10.0.2.16;443;59610;2;0x00000303;49199;65281,0,11,35,5,16,23;;;0,1,2
10.0.2.16;151.101.129.140;59636;443;1;0x00000303;4865,4866,4867,49195,49196,52393,49199,49200,52392,49161,49162,49171,49172,156,157,47,53;0,23,65281,10,11,35,16,5,13,51,45,43,21;v.redd.it;0x0000001d,0x00000017,0x00000018;0
151.101.129.140;10.0.2.16;443;59636;2;0x00000303;49199;65281,16,23;;;
10.0.2.16;151.101.129.140;59638;443;1;0x00000303;4865,4866,4867,49195,49196,52393,49199,49200,52392,49161,49162,49171,49172,156,157,47,53;0,23,65281,10,11,35,16,5,13,51,45,43,21;v.redd.it;0x0000001d,0x00000017,0x00000018;0
10.0.2.16;151.101.129.140;59640;443;1;0x00000303;4865,4866,4867,49195,49196,52393,49199,49200,52392,49161,49162,49171,49172,156,157,47,53;0,23,65281,10,11,35,16,5,13,51,45,43,21;v.redd.it;0x0000001d,0x00000017,0x00000018;0
151.101.129.140;10.0.2.16;443;59640;2;0x00000303;49199;65281,16,23;;;
151.101.129.140;10.0.2.16;443;59638;2;0x00000303;49199;65281,16,23;;;
10.0.2.16;99.86.242.97;49666;443;1;0x00000303;4865,4866,4867,49195,49196,52393,49199,49200,52392,49161,49162,49171,49172,156,157,47,53;0,23,65281,10,11,35,16,5,13,51,45,43,21;api2.branch.io;0x0000001d,0x00000017,0x00000018;0
99.86.242.97;10.0.2.16;443;49666;2;0x00000303;4865;43,51;;;
10.0.2.16;151.101.1.140;35862;443;1;0x00000303;4865,4866,4867,49195,49196,52393,49199,49200,52392,49171,49172,156,157,47,53;0,23,65281,10,11,35,16,5,13,51,45,43,21;gql.reddit.com;0x0000001d,0x00000017,0x00000018;0
151.101.1.140;10.0.2.16;443;35862;2;0x00000303;49199;65281,0,11,35,5,16,23;;;0,1,2
10.0.2.16;151.101.65.140;46420;443;1;0x00000303;4865,4866,4867,49195,49196,52393,49199,49200,52392,49171,49172,156,157,47,53;0,23,65281,10,11,35,16,5,13,51,45,43,21;oauth.reddit.com;0x0000001d,0x00000017,0x00000018;0
151.101.65.140;10.0.2.16;443;46420;2;0x00000303;49199;65281,0,11,35,5,16,23;;;0,1,2
