10.0.2.16;199.232.138.167;40598;443;1;0x00000303;4865,4866,4867,49195,49196,52393,49199,49200,52392,49171,49172,156,157,47,53;0,23,65281,10,11,35,16,5,13,51,45,43,21;gql.twitch.tv;0x0000001d,0x00000017,0x00000018;0
10.0.2.16;52.88.15.59;54256;443;1;0x00000303;4865,4866,4867,49195,49196,52393,49199,49200,52392,49171,49172,156,157,47,53;0,23,65281,10,11,35,16,5,13,51,45,43,21;video-edge-21aea0.pdx01.abs.hls.ttvnw.net;0x0000001d,0x00000017,0x00000018;0
10.0.2.16;199.232.138.167;40602;443;1;0x00000303;4865,4866,4867,49195,49196,52393,49199,49200,52392,49171,49172,156,157,47,53;0,23,65281,10,11,35,16,5,13,51,45,43,21;gql.twitch.tv;0x0000001d,0x00000017,0x00000018;0
10.0.2.16;199.232.138.167;40600;443;1;0x00000303;4865,4866,4867,49195,49196,52393,49199,49200,52392,49171,49172,156,157,47,53;0,23,65281,10,11,35,16,5,13,51,45,43,21;gql.twitch.tv;0x0000001d,0x00000017,0x00000018;0
10.0.2.16;199.232.138.167;40604;443;1;0x00000303;4865,4866,4867,49195,49196,52393,49199,49200,52392,49171,49172,156,157,47,53;0,23,65281,10,11,35,16,5,13,51,45,43,21;gql.twitch.tv;0x0000001d,0x00000017,0x00000018;0
10.0.2.16;199.232.138.167;40606;443;1;0x00000303;4865,4866,4867,49195,49196,52393,49199,49200,52392,49171,49172,156,157,47,53;0,23,65281,10,11,35,16,5,13,51,45,43,21;gql.twitch.tv;0x0000001d,0x00000017,0x00000018;0
199.232.138.167;10.0.2.16;443;40598;2;0x00000303;4865;43,51;;;
10.0.2.16;199.232.138.167;40608;443;1;0x00000303;4865,4866,4867,49195,49196,52393,49199,49200,52392,49171,49172,156,157,47,53;0,23,65281,10,11,35,16,5,13,51,45,43,21;gql.twitch.tv;0x0000001d,0x00000017,0x00000018;0
199.232.138.167;10.0.2.16;443;40602;2;0x00000303;4865;43,51;;;
199.232.138.167;10.0.2.16;443;40604;2;0x00000303;4865;43,51;;;
199.232.138.167;10.0.2.16;443;40600;2;0x00000303;4865;43,51;;;
199.232.138.167;10.0.2.16;443;40606;2;0x00000303;4865;43,51;;;
199.232.138.167;10.0.2.16;443;40608;2;0x00000303;4865;43,51;;;
52.88.15.59;10.0.2.16;443;54256;2;0x00000303;49199;65281,11,35,16;;;0,1,2
10.0.2.16;199.232.138.167;40610;443;1;0x00000303;4865,4866,4867,49195,49196,52393,49199,49200,52392,49171,49172,156,157,47,53;0,23,65281,10,11,35,16,5,13,51,45,43,21,41;gql.twitch.tv;0x0000001d,0x00000017,0x00000018;0
10.0.2.16;13.32.110.178;45820;443;1;0x00000303;4865,4866,4867,49195,49196,52393,49199,49200,52392,49171,49172,156,157,47,53;0,23,65281,10,11,35,16,5,13,51,45,43,21;static.twitchcdn.net;0x0000001d,0x00000017,0x00000018;0
199.232.138.167;10.0.2.16;443;40610;2;0x00000303;4865;43,51,41;;;
13.32.110.178;10.0.2.16;443;45820;2;0x00000303;4865;43,51;;;
10.0.2.16;99.86.242.107;37622;443;1;0x00000303;49195,49196,52393,49199,49200,52392,49161,49162,49171,49172,156,157,47,53;0,23,65281,10,11,35,16,5,13;api2.branch.io;0x0000001d,0x00000017,0x00000018;0
99.86.242.107;10.0.2.16;443;37622;2;0x00000303;49199;0,11,65281,16,5,35;;;0
10.0.2.16;54.213.145.67;33098;443;1;0x00000303;49195,49196,52393,49199,49200,52392,49161,49162,49171,49172,156,157,47,53;0,23,65281,10,11,5,13;pubsub-edge.twitch.tv;0x0000001d,0x00000017,0x00000018;0
10.0.2.16;99.86.242.15;47628;443;1;0x00000303;49195,49196,52393,49199,49200,52392,49161,49162,49171,49172,156,157,47,53;0,23,65281,10,11,35,16,5,13;cdn.branch.io;0x0000001d,0x00000017,0x00000018;0
54.213.145.67;10.0.2.16;443;33098;2;0x00000303;49199;65281,11;;;0,1,2
99.86.242.15;10.0.2.16;443;47628;2;0x00000303;49199;0,11,65281,5,35;;;0
10.0.2.16;99.86.239.203;37976;443;1;0x00000303;4865,4866,4867,49195,49196,52393,49199,49200,52392,49171,49172,156,157,47,53;0,23,65281,10,11,35,16,5,13,51,45,43,21;static-cdn.jtvnw.net;0x0000001d,0x00000017,0x00000018;0
10.0.2.16;99.86.239.203;37982;443;1;0x00000303;4865,4866,4867,49195,49196,52393,49199,49200,52392,49171,49172,156,157,47,53;0,23,65281,10,11,35,16,5,13,51,45,43,21;static-cdn.jtvnw.net;0x0000001d,0x00000017,0x00000018;0
10.0.2.16;99.86.239.203;37978;443;1;0x00000303;4865,4866,4867,49195,49196,52393,49199,49200,52392,49171,49172,156,157,47,53;0,23,65281,10,11,35,16,5,13,51,45,43,21;static-cdn.jtvnw.net;0x0000001d,0x00000017,0x00000018;0
10.0.2.16;99.86.239.203;37980;443;1;0x00000303;4865,4866,4867,49195,49196,52393,49199,49200,52392,49171,49172,156,157,47,53;0,23,65281,10,11,35,16,5,13,51,45,43,21;static-cdn.jtvnw.net;0x0000001d,0x00000017,0x00000018;0
99.86.239.203;10.0.2.16;443;37976;2;0x00000303;4865;43,51;;;
99.86.239.203;10.0.2.16;443;37982;2;0x00000303;4865;43,51;;;
10.0.2.16;99.86.239.203;37984;443;1;0x00000303;4865,4866,4867,49195,49196,52393,49199,49200,52392,49171,49172,156,157,47,53;0,23,65281,10,11,35,16,5,13,51,45,43,21;static-cdn.jtvnw.net;0x0000001d,0x00000017,0x00000018;0
99.86.239.203;10.0.2.16;443;37978;2;0x00000303;4865;43,51;;;
99.86.239.203;10.0.2.16;443;37980;2;0x00000303;4865;43,51;;;
99.86.239.203;10.0.2.16;443;37984;2;0x00000303;4865;43,51;;;
10.0.2.16;172.217.23.234;45624;443;1;0x00000303;49195,49196,52393,49199,49200,52392,49161,49162,49171,49172,156,157,47,53;0,23,65281,10,11,35,16,5,13;firebaseremoteconfig.googleapis.com;0x0000001d,0x00000017,0x00000018;0
172.217.23.234;10.0.2.16;443;45624;2;0x00000303;49195;23,65281,11,35,16;;;0
10.0.2.16;172.217.23.206;39494;443;1;0x00000303;49195,49196,52393,49199,49200,52392,49161,49162,49171,49172,156,157,47,53;0,23,65281,10,11,35,16,5,13,21;app-measurement.com;0x0000001d,0x00000017,0x00000018;0
172.217.23.206;10.0.2.16;443;39494;2;0x00000303;49195;23,65281,11,16;;;0
10.0.2.16;50.17.170.49;32994;443;1;0x00000303;49195,49196,52393,49199,49200,52392,49161,49162,49171,49172,156,157,47,53;0,23,65281,10,11,35,16,5,13;cognito-identity.us-east-1.amazonaws.com;0x0000001d,0x00000017,0x00000018;0
10.0.2.16;13.32.11.171;60420;443;1;0x00000303;49195,49196,52393,49199,49200,52392,49161,49162,49171,49172,156,157,47,53;0,23,65281,10,11,35,16,5,13;ddacn6pr5v0tl.cloudfront.net;0x0000001d,0x00000017,0x00000018;0
13.32.11.171;10.0.2.16;443;60420;2;0x00000303;49199;0,11,65281,16,5,35;;;0
50.17.170.49;10.0.2.16;443;32994;2;0x00000303;49199;65281,11,35,16;;;0,1,2
10.0.2.16;52.94.232.32;58660;443;1;0x00000303;49195,49196,52393,49199,49200,52392,49161,49162,49171,49172,156,157,47,53;0,23,65281,10,11,35,16,5,13;s.amazon-adsystem.com;0x0000001d,0x00000017,0x00000018;0
52.94.232.32;10.0.2.16;443;58660;2;0x00000303;49199;65281,11,35,5,16;;;0,1,2
10.0.2.16;199.232.138.214;36856;443;1;0x00000303;4865,4866,4867,49195,49196,52393,49199,49200,52392,49171,49172,156,157,47,53;0,23,65281,10,11,35,16,5,13,51,45,43,21;api.twitch.tv;0x0000001d,0x00000017,0x00000018;0
10.0.2.16;192.108.239.254;45770;443;1;0x00000303;4865,4866,4867,49195,49196,52393,49199,49200,52392,49171,49172,156,157,47,53;0,23,65281,10,11,35,16,5,13,51,45,43,21;usher.ttvnw.net;0x0000001d,0x00000017,0x00000018;0
10.0.2.16;199.232.138.214;36860;443;1;0x00000303;4865,4866,4867,49195,49196,52393,49199,49200,52392,49171,49172,156,157,47,53;0,23,65281,10,11,35,16,5,13,51,45,43,21;api.twitch.tv;0x0000001d,0x00000017,0x00000018;0
192.108.239.254;10.0.2.16;443;45770;2;0x00000303;49199;0,65281,11,35;;;0,1,2
199.232.138.214;10.0.2.16;443;36856;2;0x00000303;4865;43,51;;;
199.232.138.214;10.0.2.16;443;36860;2;0x00000303;4865;43,51;;;
10.0.2.16;54.186.165.48;49886;443;1;0x00000303;49195,49196,52393,49199,49200,52392,49161,49162,49171,49172,156,157,47,53;0,23,65281,10,11,5,13;irc-ws.chat.twitch.tv;0x0000001d,0x00000017,0x00000018;0
10.0.2.16;52.94.232.32;58670;443;1;0x00000303;49195,49196,52393,49199,49200,52392,49161,49162,49171,49172,156,157,47,53;0,23,65281,10,11,35,16,5,13,21;s.amazon-adsystem.com;0x0000001d,0x00000017,0x00000018;0
54.186.165.48;10.0.2.16;443;49886;2;0x00000303;49199;65281,11;;;0,1,2
52.94.232.32;10.0.2.16;443;58670;2;0x00000303;49199;65281,11,35,5,16;;;0,1,2
10.0.2.16;52.223.198.11;32792;443;1;0x00000303;49195,49196,52393,49199,49200,52392,49171,49172,156,157,47,53;0,23,65281,10,11,35,16,5,13;video-weaver.prg02.hls.ttvnw.net;0x0000001d,0x00000017,0x00000018;0
52.223.198.11;10.0.2.16;443;32792;2;0x00000303;49199;0,65281,11,35;;;0,1,2
10.0.2.16;13.32.14.78;40796;443;1;0x00000303;49195,49196,52393,49199,49200,52392,49161,49162,49171,49172,156,157,47,53;0,23,65281,10,11,35,16,5,13;pinpoint.us-east-1.amazonaws.com;0x0000001d,0x00000017,0x00000018;0
13.32.14.78;10.0.2.16;443;40796;2;0x00000303;49199;0,11,65281,5,35;;;0
10.0.2.16;52.223.200.83;33550;443;1;0x00000303;49195,49196,52393,49199,49200,52392,49171,49172,156,157,47,53;0,23,65281,10,11,35,16,5,13;video-edge-748de0.prg02.abs.hls.ttvnw.net;0x0000001d,0x00000017,0x00000018;0
52.223.200.83;10.0.2.16;443;33550;2;0x00000303;49199;35,65281,11;;;0
10.0.2.16;54.201.8.168;43540;443;1;0x00000303;4865,4866,4867,49195,49196,52393,49199,49200,52392,49171,49172,156,157,47,53;0,23,65281,10,11,35,16,5,13,51,45,43,21;video-edge-ead974.pdx01.abs.hls.ttvnw.net;0x0000001d,0x00000017,0x00000018;0
54.201.8.168;10.0.2.16;443;43540;2;0x00000303;49199;65281,11,35,16;;;0,1,2
10.0.2.16;52.210.176.161;55962;443;1;0x00000303;49195,49196,52393,49199,49200,52392,49161,49162,49171,49172,156,157,47,53;0,23,65281,10,11,35,16,5,13;twitch.prod.entry.video-ads.a2z.com;0x0000001d,0x00000017,0x00000018;0
52.210.176.161;10.0.2.16;443;55962;2;0x00000303;49171;0,11,65281;;;0
10.0.2.16;185.94.180.123;39476;443;1;0x00000303;49195,49196,52393,49199,49200,52392,49161,49162,49171,49172,156,157,47,53;0,23,65281,10,11,35,16,5,13;search.spotxchange.com;0x0000001d,0x00000017,0x00000018;0
185.94.180.123;10.0.2.16;443;39476;2;0x00000303;157;65281;;;
10.0.2.16;52.95.118.60;33510;443;1;0x00000303;49195,49196,52393,49199,49200,52392,49161,49162,49171,49172,156,157,47,53;0,23,65281,10,11,35,16,5,13;aax-eu.amazon-adsystem.com;0x0000001d,0x00000017,0x00000018;0
52.95.118.60;10.0.2.16;443;33510;2;0x00000303;49199;65281,11,35,5,16;;;0,1,2
10.0.2.16;52.223.198.11;32806;443;1;0x00000303;49195,49196,52393,49199,49200,52392,49171,49172,156,157,47,53;0,23,65281,10,11,35,16,5,13,21;video-weaver.prg02.hls.ttvnw.net;0x0000001d,0x00000017,0x00000018;0
52.223.198.11;10.0.2.16;443;32806;2;0x00000303;49199;65281;;;
10.0.2.16;13.32.11.171;60450;443;1;0x00000303;49195,49196,52393,49199,49200,52392,49161,49162,49171,49172,156,157,47,53;0,23,65281,10,11,35,16,5,13,21;ddacn6pr5v0tl.cloudfront.net;0x0000001d,0x00000017,0x00000018;0
13.32.11.171;10.0.2.16;443;60450;2;0x00000303;49199;11,65281,16,5;;;0
10.0.2.16;192.108.239.254;45794;443;1;0x00000303;4865,4866,4867,49195,49196,52393,49199,49200,52392,49171,49172,156,157,47,53;0,23,65281,10,11,35,16,5,13,51,45,43,21;usher.ttvnw.net;0x0000001d,0x00000017,0x00000018;0
192.108.239.254;10.0.2.16;443;45794;2;0x00000303;49199;65281;;;
10.0.2.16;199.232.138.167;40672;443;1;0x00000303;4865,4866,4867,49195,49196,52393,49199,49200,52392,49171,49172,156,157,47,53;0,23,65281,10,11,35,16,5,13,51,45,43,21,41;gql.twitch.tv;0x0000001d,0x00000017,0x00000018;0
199.232.138.167;10.0.2.16;443;40672;2;0x00000303;4865;43,51,41;;;
10.0.2.16;54.186.165.48;49916;443;1;0x00000303;49195,49196,52393,49199,49200,52392,49161,49162,49171,49172,156,157,47,53;0,23,65281,10,11,5,13;irc-ws.chat.twitch.tv;0x0000001d,0x00000017,0x00000018;0
54.186.165.48;10.0.2.16;443;49916;2;0x00000303;49199;65281,11;;;0,1,2
10.0.2.16;52.223.198.11;32816;443;1;0x00000303;49195,49196,52393,49199,49200,52392,49171,49172,156,157,47,53;0,23,65281,10,11,35,16,5,13;video-weaver.prg02.hls.ttvnw.net;0x0000001d,0x00000017,0x00000018;0
52.223.198.11;10.0.2.16;443;32816;2;0x00000303;49199;0,65281,11,35;;;0,1,2
10.0.2.16;52.223.200.52;33668;443;1;0x00000303;49195,49196,52393,49199,49200,52392,49171,49172,156,157,47,53;0,23,65281,10,11,35,16,5,13;video-edge-748650.prg02.abs.hls.ttvnw.net;0x0000001d,0x00000017,0x00000018;0
52.223.200.52;10.0.2.16;443;33668;2;0x00000303;49199;35,65281,11;;;0
10.0.2.16;52.210.176.161;55982;443;1;0x00000303;49195,49196,52393,49199,49200,52392,49161,49162,49171,49172,156,157,47,53;0,23,65281,10,11,35,16,5,13;twitch.prod.entry.video-ads.a2z.com;0x0000001d,0x00000017,0x00000018;0
52.210.176.161;10.0.2.16;443;55982;2;0x00000303;49171;0,11,65281;;;0
10.0.2.16;185.94.180.123;39496;443;1;0x00000303;49195,49196,52393,49199,49200,52392,49161,49162,49171,49172,156,157,47,53;0,23,65281,10,11,35,16,5,13;search.spotxchange.com;0x0000001d,0x00000017,0x00000018;0
185.94.180.123;10.0.2.16;443;39496;2;0x00000303;157;65281;;;
10.0.2.16;52.95.118.60;33530;443;1;0x00000303;49195,49196,52393,49199,49200,52392,49161,49162,49171,49172,156,157,47,53;0,23,65281,10,11,35,16,5,13,21;aax-eu.amazon-adsystem.com;0x0000001d,0x00000017,0x00000018;0
52.95.118.60;10.0.2.16;443;33530;2;0x00000303;49199;65281,11,35,5,16;;;0,1,2
10.0.2.16;54.200.122.29;46460;443;1;0x00000303;4865,4866,4867,49195,49196,52393,49199,49200,52392,49171,49172,156,157,47,53;0,23,65281,10,11,35,16,5,13,51,45,43,21;spade.twitch.tv;0x0000001d,0x00000017,0x00000018;0
54.200.122.29;10.0.2.16;443;46460;2;0x00000303;49199;65281,11,35,16;;;0,1,2
10.0.2.16;199.232.138.167;40686;443;1;0x00000303;4865,4866,4867,49195,49196,52393,49199,49200,52392,49171,49172,156,157,47,53;0,23,65281,10,11,35,16,5,13,51,45,43,21,41;gql.twitch.tv;0x0000001d,0x00000017,0x00000018;0
199.232.138.167;10.0.2.16;443;40686;2;0x00000303;4865;43,51,41;;;
10.0.2.16;192.108.239.254;45814;443;1;0x00000303;4865,4866,4867,49195,49196,52393,49199,49200,52392,49171,49172,156,157,47,53;0,23,65281,10,11,35,16,5,13,51,45,43,21;usher.ttvnw.net;0x0000001d,0x00000017,0x00000018;0
192.108.239.254;10.0.2.16;443;45814;2;0x00000303;49199;65281;;;
10.0.2.16;52.223.198.11;32832;443;1;0x00000303;49195,49196,52393,49199,49200,52392,49171,49172,156,157,47,53;0,23,65281,10,11,35,16,5,13;video-weaver.prg02.hls.ttvnw.net;0x0000001d,0x00000017,0x00000018;0
52.223.198.11;10.0.2.16;443;32832;2;0x00000303;49199;0,65281,11,35;;;0,1,2
10.0.2.16;52.223.200.36;55154;443;1;0x00000303;49195,49196,52393,49199,49200,52392,49171,49172,156,157,47,53;0,23,65281,10,11,35,16,5,13;video-edge-748bd0.prg02.abs.hls.ttvnw.net;0x0000001d,0x00000017,0x00000018;0
52.223.200.36;10.0.2.16;443;55154;2;0x00000303;49199;35,65281,11;;;0
10.0.2.16;52.223.198.11;32836;443;1;0x00000303;49195,49196,52393,49199,49200,52392,49171,49172,156,157,47,53;0,23,65281,10,11,35,16,5,13;video-weaver.prg02.hls.ttvnw.net;0x0000001d,0x00000017,0x00000018;0
52.223.198.11;10.0.2.16;443;32836;2;0x00000303;49199;0,65281,11,35;;;0,1,2
10.0.2.16;44.241.45.130;37554;443;1;0x00000303;4865,4866,4867,49195,49196,52393,49199,49200,52392,49171,49172,156,157,47,53;0,23,65281,10,11,35,16,5,13,51,45,43,21;video-edge-ead974.pdx01.abs.hls.ttvnw.net;0x0000001d,0x00000017,0x00000018;0
10.0.2.16;199.232.138.167;40698;443;1;0x00000303;4865,4866,4867,49195,49196,52393,49199,49200,52392,49171,49172,156,157,47,53;0,23,65281,10,11,35,16,5,13,51,45,43,21;gql.twitch.tv;0x0000001d,0x00000017,0x00000018;0
10.0.2.16;199.232.138.167;40700;443;1;0x00000303;4865,4866,4867,49195,49196,52393,49199,49200,52392,49171,49172,156,157,47,53;0,23,65281,10,11,35,16,5,13,51,45,43,21;gql.twitch.tv;0x0000001d,0x00000017,0x00000018;0
10.0.2.16;199.232.138.167;40704;443;1;0x00000303;4865,4866,4867,49195,49196,52393,49199,49200,52392,49171,49172,156,157,47,53;0,23,65281,10,11,35,16,5,13,51,45,43,21;gql.twitch.tv;0x0000001d,0x00000017,0x00000018;0
10.0.2.16;199.232.138.167;40702;443;1;0x00000303;4865,4866,4867,49195,49196,52393,49199,49200,52392,49171,49172,156,157,47,53;0,23,65281,10,11,35,16,5,13,51,45,43,21;gql.twitch.tv;0x0000001d,0x00000017,0x00000018;0
10.0.2.16;199.232.138.167;40706;443;1;0x00000303;4865,4866,4867,49195,49196,52393,49199,49200,52392,49171,49172,156,157,47,53;0,23,65281,10,11,35,16,5,13,51,45,43,21;gql.twitch.tv;0x0000001d,0x00000017,0x00000018;0
199.232.138.167;10.0.2.16;443;40698;2;0x00000303;4865;43,51;;;
199.232.138.167;10.0.2.16;443;40700;2;0x00000303;4865;43,51;;;
199.232.138.167;10.0.2.16;443;40704;2;0x00000303;4865;43,51;;;
199.232.138.167;10.0.2.16;443;40702;2;0x00000303;4865;43,51;;;
199.232.138.167;10.0.2.16;443;40706;2;0x00000303;4865;43,51;;;
10.0.2.16;199.232.138.167;40708;443;1;0x00000303;4865,4866,4867,49195,49196,52393,49199,49200,52392,49171,49172,156,157,47,53;0,23,65281,10,11,35,16,5,13,51,45,43,21;gql.twitch.tv;0x0000001d,0x00000017,0x00000018;0
199.232.138.167;10.0.2.16;443;40708;2;0x00000303;4865;43,51;;;
44.241.45.130;10.0.2.16;443;37554;2;0x00000303;49199;65281,11,35,16;;;0,1,2
10.0.2.16;99.86.242.67;43176;443;1;0x00000303;49195,49196,52393,49199,49200,52392,49161,49162,49171,49172,156,157,47,53;0,23,65281,10,11,35,16,5,13;api2.branch.io;0x0000001d,0x00000017,0x00000018;0
99.86.242.67;10.0.2.16;443;43176;2;0x00000303;49199;0,11,65281,16,5,35;;;0
10.0.2.16;44.241.45.130;37568;443;1;0x00000303;4865,4866,4867,49195,49196,52393,49199,49200,52392,49171,49172,156,157,47,53;0,23,65281,10,11,35,16,5,13,51,45,43;video-edge-ead974.pdx01.abs.hls.ttvnw.net;0x0000001d,0x00000017,0x00000018;0
10.0.2.16;199.232.138.167;40714;443;1;0x00000303;4865,4866,4867,49195,49196,52393,49199,49200,52392,49171,49172,156,157,47,53;0,23,65281,10,11,35,16,5,13,51,45,43,21,41;gql.twitch.tv;0x0000001d,0x00000017,0x00000018;0
199.232.138.167;10.0.2.16;443;40714;2;0x00000303;4865;43,51,41;;;
44.241.45.130;10.0.2.16;443;37568;2;0x00000303;49199;65281,16;;;
10.0.2.16;52.37.80.210;45118;443;1;0x00000303;49195,49196,52393,49199,49200,52392,49161,49162,49171,49172,156,157,47,53;0,23,65281,10,11,5,13;pubsub-edge.twitch.tv;0x0000001d,0x00000017,0x00000018;0
10.0.2.16;99.86.242.35;42786;443;1;0x00000303;49195,49196,52393,49199,49200,52392,49161,49162,49171,49172,156,157,47,53;0,23,65281,10,11,35,16,5,13;cdn.branch.io;0x0000001d,0x00000017,0x00000018;0
99.86.242.35;10.0.2.16;443;42786;2;0x00000303;49199;0,11,65281,5,35;;;0
52.37.80.210;10.0.2.16;443;45118;2;0x00000303;49199;65281,11;;;0,1,2
10.0.2.16;13.32.14.74;43052;443;1;0x00000303;49195,49196,52393,49199,49200,52392,49161,49162,49171,49172,156,157,47,53;0,23,65281,10,11,35,16,5,13;pinpoint.us-east-1.amazonaws.com;0x0000001d,0x00000017,0x00000018;0
13.32.14.74;10.0.2.16;443;43052;2;0x00000303;49199;0,11,65281,5,35;;;0
10.0.2.16;13.32.14.74;43054;443;1;0x00000303;49195,49196,52393,49199,49200,52392,49161,49162,49171,49172,156,157,47,53;0,23,65281,10,11,35,16,5,13,21;pinpoint.us-east-1.amazonaws.com;0x0000001d,0x00000017,0x00000018;0
10.0.2.16;52.37.80.210;45122;443;1;0x00000303;49195,49196,52393,49199,49200,52392,49161,49162,49171,49172,156,157,47,53;0,23,65281,10,11,5,13;pubsub-edge.twitch.tv;0x0000001d,0x00000017,0x00000018;0
10.0.2.16;13.32.11.215;40254;443;1;0x00000303;49195,49196,52393,49199,49200,52392,49161,49162,49171,49172,156,157,47,53;0,23,65281,10,11,35,16,5,13;ddacn6pr5v0tl.cloudfront.net;0x0000001d,0x00000017,0x00000018;0
13.32.14.74;10.0.2.16;443;43054;2;0x00000303;49199;11,65281,5;;;0
13.32.11.215;10.0.2.16;443;40254;2;0x00000303;49199;0,11,65281,16,5,35;;;0
52.37.80.210;10.0.2.16;443;45122;2;0x00000303;49199;65281,11;;;0,1,2
10.0.2.16;192.108.239.254;45854;443;1;0x00000303;4865,4866,4867,49195,49196,52393,49199,49200,52392,49171,49172,156,157,47,53;0,23,65281,10,11,35,16,5,13,51,45,43,21;usher.ttvnw.net;0x0000001d,0x00000017,0x00000018;0
192.108.239.254;10.0.2.16;443;45854;2;0x00000303;49199;0,65281,11,35;;;0,1,2
10.0.2.16;99.86.239.203;38088;443;1;0x00000303;4865,4866,4867,49195,49196,52393,49199,49200,52392,49171,49172,156,157,47,53;0,23,65281,10,11,35,16,5,13,51,45,43,21;static-cdn.jtvnw.net;0x0000001d,0x00000017,0x00000018;0
99.86.239.203;10.0.2.16;443;38088;2;0x00000303;4865;43,51;;;
10.0.2.16;199.232.138.214;36948;443;1;0x00000303;4865,4866,4867,49195,49196,52393,49199,49200,52392,49171,49172,156,157,47,53;0,23,65281,10,11,35,16,5,13,51,45,43,21;api.twitch.tv;0x0000001d,0x00000017,0x00000018;0
10.0.2.16;199.232.138.214;36950;443;1;0x00000303;4865,4866,4867,49195,49196,52393,49199,49200,52392,49171,49172,156,157,47,53;0,23,65281,10,11,35,16,5,13,51,45,43,21;api.twitch.tv;0x0000001d,0x00000017,0x00000018;0
199.232.138.214;10.0.2.16;443;36948;2;0x00000303;4865;43,51;;;
199.232.138.214;10.0.2.16;443;36950;2;0x00000303;4865;43,51;;;
10.0.2.16;44.238.190.147;51048;443;1;0x00000303;49195,49196,52393,49199,49200,52392,49161,49162,49171,49172,156,157,47,53;0,23,65281,10,11,5,13;irc-ws.chat.twitch.tv;0x0000001d,0x00000017,0x00000018;0
44.238.190.147;10.0.2.16;443;51048;2;0x00000303;49199;65281,11;;;0,1,2
10.0.2.16;52.223.198.11;32880;443;1;0x00000303;49195,49196,52393,49199,49200,52392,49171,49172,156,157,47,53;0,23,65281,10,11,35,16,5,13;video-weaver.prg02.hls.ttvnw.net;0x0000001d,0x00000017,0x00000018;0
52.223.198.11;10.0.2.16;443;32880;2;0x00000303;49199;0,65281,11,35;;;0,1,2
10.0.2.16;52.223.200.100;43234;443;1;0x00000303;49195,49196,52393,49199,49200,52392,49171,49172,156,157,47,53;0,23,65281,10,11,35,16,5,13;video-edge-748bac.prg02.abs.hls.ttvnw.net;0x0000001d,0x00000017,0x00000018;0
52.223.200.100;10.0.2.16;443;43234;2;0x00000303;49199;35,65281,11;;;0
10.0.2.16;34.252.74.211;49350;443;1;0x00000303;49195,49196,52393,49199,49200,52392,49161,49162,49171,49172,156,157,47,53;0,23,65281,10,11,35,16,5,13;twitch.prod.entry.video-ads.a2z.com;0x0000001d,0x00000017,0x00000018;0
34.252.74.211;10.0.2.16;443;49350;2;0x00000303;49171;0,11,65281;;;0
10.0.2.16;185.94.180.124;53318;443;1;0x00000303;49195,49196,52393,49199,49200,52392,49161,49162,49171,49172,156,157,47,53;0,23,65281,10,11,35,16,5,13;search.spotxchange.com;0x0000001d,0x00000017,0x00000018;0
185.94.180.124;10.0.2.16;443;53318;2;0x00000303;157;65281;;;
10.0.2.16;52.95.124.165;57024;443;1;0x00000303;49195,49196,52393,49199,49200,52392,49161,49162,49171,49172,156,157,47,53;0,23,65281,10,11,35,16,5,13;aax-eu.amazon-adsystem.com;0x0000001d,0x00000017,0x00000018;0
52.95.124.165;10.0.2.16;443;57024;2;0x00000303;49199;65281,11,35,5,16;;;0,1,2
10.0.2.16;44.229.25.119;44696;443;1;0x00000303;4865,4866,4867,49195,49196,52393,49199,49200,52392,49171,49172,156,157,47,53;0,23,65281,10,11,35,16,5,13,51,45,43,21;spade.twitch.tv;0x0000001d,0x00000017,0x00000018;0
44.229.25.119;10.0.2.16;443;44696;2;0x00000303;49199;65281,11,35,16;;;0,1,2
10.0.2.16;13.32.11.171;60534;443;1;0x00000303;49195,49196,52393,49199,49200,52392,49161,49162,49171,49172,156,157,47,53;0,23,65281,10,11,35,16,5,13,21;ddacn6pr5v0tl.cloudfront.net;0x0000001d,0x00000017,0x00000018;0
13.32.11.171;10.0.2.16;443;60534;2;0x00000303;49199;11,65281,16,5;;;0
10.0.2.16;192.108.239.254;45878;443;1;0x00000303;4865,4866,4867,49195,49196,52393,49199,49200,52392,49171,49172,156,157,47,53;0,23,65281,10,11,35,16,5,13,51,45,43,21;usher.ttvnw.net;0x0000001d,0x00000017,0x00000018;0
192.108.239.254;10.0.2.16;443;45878;2;0x00000303;49199;65281;;;
10.0.2.16;199.232.138.167;40756;443;1;0x00000303;4865,4866,4867,49195,49196,52393,49199,49200,52392,49171,49172,156,157,47,53;0,23,65281,10,11,35,16,5,13,51,45,43,21,41;gql.twitch.tv;0x0000001d,0x00000017,0x00000018;0
199.232.138.167;10.0.2.16;443;40756;2;0x00000303;4865;43,51,41;;;
10.0.2.16;54.148.28.197;36646;443;1;0x00000303;49195,49196,52393,49199,49200,52392,49161,49162,49171,49172,156,157,47,53;0,23,65281,10,11,5,13;irc-ws.chat.twitch.tv;0x0000001d,0x00000017,0x00000018;0
54.148.28.197;10.0.2.16;443;36646;2;0x00000303;49199;65281,11;;;0,1,2
10.0.2.16;52.223.198.11;32900;443;1;0x00000303;49195,49196,52393,49199,49200,52392,49171,49172,156,157,47,53;0,23,65281,10,11,35,16,5,13;video-weaver.prg02.hls.ttvnw.net;0x0000001d,0x00000017,0x00000018;0
52.223.198.11;10.0.2.16;443;32900;2;0x00000303;49199;0,65281,11,35;;;0,1,2
10.0.2.16;52.223.200.37;36814;443;1;0x00000303;49195,49196,52393,49199,49200,52392,49171,49172,156,157,47,53;0,23,65281,10,11,35,16,5,13;video-edge-7489cc.prg02.abs.hls.ttvnw.net;0x0000001d,0x00000017,0x00000018;0
52.223.200.37;10.0.2.16;443;36814;2;0x00000303;49199;35,65281,11;;;0
10.0.2.16;52.211.240.123;52620;443;1;0x00000303;49195,49196,52393,49199,49200,52392,49161,49162,49171,49172,156,157,47,53;0,23,65281,10,11,35,16,5,13;twitch.prod.entry.video-ads.a2z.com;0x0000001d,0x00000017,0x00000018;0
52.211.240.123;10.0.2.16;443;52620;2;0x00000303;49171;0,11,65281;;;0
10.0.2.16;185.94.180.124;53338;443;1;0x00000303;49195,49196,52393,49199,49200,52392,49161,49162,49171,49172,156,157,47,53;0,23,65281,10,11,35,16,5,13;search.spotxchange.com;0x0000001d,0x00000017,0x00000018;0
185.94.180.124;10.0.2.16;443;53338;2;0x00000303;157;65281;;;
10.0.2.16;52.95.123.167;37504;443;1;0x00000303;49195,49196,52393,49199,49200,52392,49161,49162,49171,49172,156,157,47,53;0,23,65281,10,11,35,16,5,13,21;aax-eu.amazon-adsystem.com;0x0000001d,0x00000017,0x00000018;0
52.95.123.167;10.0.2.16;443;37504;2;0x00000303;49199;65281,11,35,5,16;;;0,1,2
10.0.2.16;99.86.242.75;34176;443;1;0x00000303;4865,4866,4867,49195,49196,52393,49199,49200,52392,49171,49172,156,157,47,53;0,23,65281,10,11,35,16,5,13,51,45,43,21;vod-secure.twitch.tv;0x0000001d,0x00000017,0x00000018;0
99.86.242.75;10.0.2.16;443;34176;2;0x00000303;4865;43,51;;;
10.0.2.16;13.32.11.171;60554;443;1;0x00000303;49195,49196,52393,49199,49200,52392,49161,49162,49171,49172,156,157,47,53;0,23,65281,10,11,35,16,5,13,21;ddacn6pr5v0tl.cloudfront.net;0x0000001d,0x00000017,0x00000018;0
13.32.11.171;10.0.2.16;443;60554;2;0x00000303;49199;11,65281,16,5;;;0
10.0.2.16;54.148.28.197;36664;443;1;0x00000303;49195,49196,52393,49199,49200,52392,49161,49162,49171,49172,156,157,47,53;0,23,65281,10,11,5,13;irc-ws.chat.twitch.tv;0x0000001d,0x00000017,0x00000018;0
10.0.2.16;52.223.198.11;32916;443;1;0x00000303;49195,49196,52393,49199,49200,52392,49171,49172,156,157,47,53;0,23,65281,10,11,35,16,5,13;video-weaver.prg02.hls.ttvnw.net;0x0000001d,0x00000017,0x00000018;0
52.223.198.11;10.0.2.16;443;32916;2;0x00000303;49199;0,65281,11,35;;;0,1,2
10.0.2.16;199.232.138.167;40776;443;1;0x00000303;4865,4866,4867,49195,49196,52393,49199,49200,52392,49171,49172,156,157,47,53;0,23,65281,10,11,35,16,5,13,51,45,43,21,41;gql.twitch.tv;0x0000001d,0x00000017,0x00000018;0
54.148.28.197;10.0.2.16;443;36664;2;0x00000303;49199;65281,11;;;0,1,2
199.232.138.167;10.0.2.16;443;40776;2;0x00000303;4865;43,51,41;;;
10.0.2.16;13.32.14.129;54956;443;1;0x00000303;4865,4866,4867,49195,49196,52393,49199,49200,52392,49171,49172,156,157,47,53;0,23,65281,10,11,35,16,5,13,51,45,43,21;extensions-discovery-images.twitch.tv;0x0000001d,0x00000017,0x00000018;0
10.0.2.16;52.223.200.39;33806;443;1;0x00000303;49195,49196,52393,49199,49200,52392,49171,49172,156,157,47,53;0,23,65281,10,11,35,16,5,13;video-edge-748680.prg02.abs.hls.ttvnw.net;0x0000001d,0x00000017,0x00000018;0
13.32.14.129;10.0.2.16;443;54956;2;0x00000303;4865;43,51;;;
52.223.200.39;10.0.2.16;443;33806;2;0x00000303;49199;35,65281,11;;;0
10.0.2.16;52.211.240.123;52640;443;1;0x00000303;49195,49196,52393,49199,49200,52392,49161,49162,49171,49172,156,157,47,53;0,23,65281,10,11,35,16,5,13;twitch.prod.entry.video-ads.a2z.com;0x0000001d,0x00000017,0x00000018;0
52.211.240.123;10.0.2.16;443;52640;2;0x00000303;49171;0,11,65281;;;0
10.0.2.16;185.94.180.124;53358;443;1;0x00000303;49195,49196,52393,49199,49200,52392,49161,49162,49171,49172,156,157,47,53;0,23,65281,10,11,35,16,5,13;search.spotxchange.com;0x0000001d,0x00000017,0x00000018;0
185.94.180.124;10.0.2.16;443;53358;2;0x00000303;157;65281;;;
10.0.2.16;52.95.124.165;57064;443;1;0x00000303;49195,49196,52393,49199,49200,52392,49161,49162,49171,49172,156,157,47,53;0,23,65281,10,11,35,16,5,13,21;aax-eu.amazon-adsystem.com;0x0000001d,0x00000017,0x00000018;0
52.95.124.165;10.0.2.16;443;57064;2;0x00000303;49199;65281,11,35,5,16;;;0,1,2
10.0.2.16;151.101.1.140;36066;443;1;0x00000303;4865,4866,4867,49195,49196,52393,49199,49200,52392,49171,49172,156,157,47,53;0,23,65281,10,11,35,16,5,13,51,45,43,21;gql.reddit.com;0x0000001d,0x00000017,0x00000018;0
151.101.1.140;10.0.2.16;443;36066;2;0x00000303;49199;65281,16,23;;;
10.0.2.16;199.232.138.167;40790;443;1;0x00000303;4865,4866,4867,49195,49196,52393,49199,49200,52392,49171,49172,156,157,47,53;0,23,65281,10,11,35,16,5,13,51,45,43,21,41;gql.twitch.tv;0x0000001d,0x00000017,0x00000018;0
199.232.138.167;10.0.2.16;443;40790;2;0x00000303;4865;43,51,41;;;
10.0.2.16;99.86.242.110;43312;443;1;0x00000303;4865,4866,4867,49195,49196,52393,49199,49200,52392,49171,49172,156,157,47,53;0,23,65281,10,11,35,16,5,13,51,45,43,21;panels-images.twitch.tv;0x0000001d,0x00000017,0x00000018;0
99.86.242.110;10.0.2.16;443;43312;2;0x00000303;4865;43,51;;;
10.0.2.16;99.86.242.110;43316;443;1;0x00000303;4865,4866,4867,49195,49196,52393,49199,49200,52392,49171,49172,156,157,47,53;0,23,65281,10,11,35,16,5,13,51,45,43,21;panels-images.twitch.tv;0x0000001d,0x00000017,0x00000018;0
10.0.2.16;99.86.242.110;43318;443;1;0x00000303;4865,4866,4867,49195,49196,52393,49199,49200,52392,49171,49172,156,157,47,53;0,23,65281,10,11,35,16,5,13,51,45,43,21;panels-images.twitch.tv;0x0000001d,0x00000017,0x00000018;0
10.0.2.16;99.86.242.110;43320;443;1;0x00000303;4865,4866,4867,49195,49196,52393,49199,49200,52392,49171,49172,156,157,47,53;0,23,65281,10,11,35,16,5,13,51,45,43,21;panels-images.twitch.tv;0x0000001d,0x00000017,0x00000018;0
10.0.2.16;99.86.242.110;43314;443;1;0x00000303;4865,4866,4867,49195,49196,52393,49199,49200,52392,49171,49172,156,157,47,53;0,23,65281,10,11,35,16,5,13,51,45,43,21;panels-images.twitch.tv;0x0000001d,0x00000017,0x00000018;0
99.86.242.110;10.0.2.16;443;43316;2;0x00000303;4865;43,51;;;
99.86.242.110;10.0.2.16;443;43318;2;0x00000303;4865;43,51;;;
99.86.242.110;10.0.2.16;443;43320;2;0x00000303;4865;43,51;;;
99.86.242.110;10.0.2.16;443;43314;2;0x00000303;4865;43,51;;;
10.0.2.16;54.244.0.200;54238;443;1;0x00000303;49195,49196,52393,49199,49200,52392,49161,49162,49171,49172,156,157,47,53;0,23,65281,10,11,5,13;irc-ws.chat.twitch.tv;0x0000001d,0x00000017,0x00000018;0
10.0.2.16;13.32.14.114;58884;443;1;0x00000303;4865,4866,4867,49195,49196,52393,49199,49200,52392,49171,49172,156,157,47,53;0,23,65281,10,11,35,16,5,13,51,45,43,21;clips-media-assets2.twitch.tv;0x0000001d,0x00000017,0x00000018;0
10.0.2.16;13.32.14.114;58886;443;1;0x00000303;4865,4866,4867,49195,49196,52393,49199,49200,52392,49171,49172,156,157,47,53;0,23,65281,10,11,35,16,5,13,51,45,43,21;clips-media-assets2.twitch.tv;0x0000001d,0x00000017,0x00000018;0
13.32.14.114;10.0.2.16;443;58884;2;0x00000303;4865;43,51;;;
54.244.0.200;10.0.2.16;443;54238;2;0x00000303;49199;65281,11;;;0,1,2
13.32.14.114;10.0.2.16;443;58886;2;0x00000303;4865;43,51;;;
10.0.2.16;99.86.242.15;47818;443;1;0x00000303;49195,49196,52393,49199,49200,52392,49171,49172,156,157,47,53;0,23,65281,10,11,35,16,5,13;production.assets.clips.twitchcdn.net;0x0000001d,0x00000017,0x00000018;0
99.86.242.15;10.0.2.16;443;47818;2;0x00000303;49199;0,11,65281,5,35;;;0
10.0.2.16;192.108.239.254;45936;443;1;0x00000303;4865,4866,4867,49195,49196,52393,49199,49200,52392,49171,49172,156,157,47,53;0,23,65281,10,11,35,16,5,13,51,45,43,21;usher.ttvnw.net;0x0000001d,0x00000017,0x00000018;0
192.108.239.254;10.0.2.16;443;45936;2;0x00000303;49199;0,65281,11,35;;;0,1,2
10.0.2.16;52.223.198.11;32954;443;1;0x00000303;49195,49196,52393,49199,49200,52392,49171,49172,156,157,47,53;0,23,65281,10,11,35,16,5,13;video-weaver.prg02.hls.ttvnw.net;0x0000001d,0x00000017,0x00000018;0
52.223.198.11;10.0.2.16;443;32954;2;0x00000303;49199;0,65281,11,35;;;0,1,2
10.0.2.16;13.32.11.18;53652;443;1;0x00000303;49195,49196,52393,49199,49200,52392,49161,49162,49171,49172,156,157,47,53;0,23,65281,10,11,35,16,5,13,21;ddacn6pr5v0tl.cloudfront.net;0x0000001d,0x00000017,0x00000018;0
13.32.11.18;10.0.2.16;443;53652;2;0x00000303;49199;11,65281,16,5;;;0
10.0.2.16;52.223.198.11;32958;443;1;0x00000303;49195,49196,52393,49199,49200,52392,49171,49172,156,157,47,53;0,23,65281,10,11,35,16,5,13;video-weaver.prg02.hls.ttvnw.net;0x0000001d,0x00000017,0x00000018;0
52.223.198.11;10.0.2.16;443;32958;2;0x00000303;49199;0,65281,11,35;;;0,1,2
10.0.2.16;199.232.138.167;40820;443;1;0x00000303;4865,4866,4867,49195,49196,52393,49199,49200,52392,49171,49172,156,157,47,53;0,23,65281,10,11,35,16,5,13,51,45,43,21,41;gql.twitch.tv;0x0000001d,0x00000017,0x00000018;0
199.232.138.167;10.0.2.16;443;40820;2;0x00000303;4865;43,51,41;;;
10.0.2.16;54.244.0.200;54254;443;1;0x00000303;49195,49196,52393,49199,49200,52392,49161,49162,49171,49172,156,157,47,53;0,23,65281,10,11,5,13;irc-ws.chat.twitch.tv;0x0000001d,0x00000017,0x00000018;0
10.0.2.16;52.223.200.100;43316;443;1;0x00000303;49195,49196,52393,49199,49200,52392,49171,49172,156,157,47,53;0,23,65281,10,11,35,16,5,13;video-edge-748bac.prg02.abs.hls.ttvnw.net;0x0000001d,0x00000017,0x00000018;0
52.223.200.100;10.0.2.16;443;43316;2;0x00000303;49199;35,65281,11;;;0
54.244.0.200;10.0.2.16;443;54254;2;0x00000303;49199;65281,11;;;0,1,2
10.0.2.16;52.210.176.161;56128;443;1;0x00000303;49195,49196,52393,49199,49200,52392,49161,49162,49171,49172,156,157,47,53;0,23,65281,10,11,35,16,5,13;twitch.prod.entry.video-ads.a2z.com;0x0000001d,0x00000017,0x00000018;0
52.210.176.161;10.0.2.16;443;56128;2;0x00000303;49171;0,11,65281;;;0
10.0.2.16;185.94.180.124;53400;443;1;0x00000303;49195,49196,52393,49199,49200,52392,49161,49162,49171,49172,156,157,47,53;0,23,65281,10,11,35,16,5,13;search.spotxchange.com;0x0000001d,0x00000017,0x00000018;0
185.94.180.124;10.0.2.16;443;53400;2;0x00000303;157;65281;;;
10.0.2.16;52.95.118.60;33676;443;1;0x00000303;49195,49196,52393,49199,49200,52392,49161,49162,49171,49172,156,157,47,53;0,23,65281,10,11,35,16,5,13,21;aax-eu.amazon-adsystem.com;0x0000001d,0x00000017,0x00000018;0
52.95.118.60;10.0.2.16;443;33676;2;0x00000303;49199;65281,11,35,5,16;;;0,1,2
10.0.2.16;192.108.239.254;45956;443;1;0x00000303;4865,4866,4867,49195,49196,52393,49199,49200,52392,49171,49172,156,157,47,53;0,23,65281,10,11,35,16,5,13,51,45,43,21;usher.ttvnw.net;0x0000001d,0x00000017,0x00000018;0
192.108.239.254;10.0.2.16;443;45956;2;0x00000303;49199;0,65281,11,35;;;0,1,2
10.0.2.16;52.223.198.11;32974;443;1;0x00000303;49195,49196,52393,49199,49200,52392,49171,49172,156,157,47,53;0,23,65281,10,11,35,16,5,13;video-weaver.prg02.hls.ttvnw.net;0x0000001d,0x00000017,0x00000018;0
52.223.198.11;10.0.2.16;443;32974;2;0x00000303;49199;0,65281,11,35;;;0,1,2
10.0.2.16;52.223.198.11;32976;443;1;0x00000303;49195,49196,52393,49199,49200,52392,49171,49172,156,157,47,53;0,23,65281,10,11,35,16,5,13;video-weaver.prg02.hls.ttvnw.net;0x0000001d,0x00000017,0x00000018;0
52.223.198.11;10.0.2.16;443;32976;2;0x00000303;49199;0,65281,11,35;;;0,1,2
10.0.2.16;52.223.200.122;41170;443;1;0x00000303;49195,49196,52393,49199,49200,52392,49171,49172,156,157,47,53;0,23,65281,10,11,35,16,5,13;video-edge-748188.prg02.abs.hls.ttvnw.net;0x0000001d,0x00000017,0x00000018;0
52.223.200.122;10.0.2.16;443;41170;2;0x00000303;49199;35,65281,11;;;0
10.0.2.16;52.88.48.233;49926;443;1;0x00000303;4865,4866,4867,49195,49196,52393,49199,49200,52392,49171,49172,156,157,47,53;0,23,65281,10,11,35,16,5,13,51,45,43,21;video-edge-ead974.pdx01.abs.hls.ttvnw.net;0x0000001d,0x00000017,0x00000018;0
10.0.2.16;199.232.138.167;40840;443;1;0x00000303;4865,4866,4867,49195,49196,52393,49199,49200,52392,49171,49172,156,157,47,53;0,23,65281,10,11,35,16,5,13,51,45,43,21;gql.twitch.tv;0x0000001d,0x00000017,0x00000018;0
10.0.2.16;199.232.138.167;40842;443;1;0x00000303;4865,4866,4867,49195,49196,52393,49199,49200,52392,49171,49172,156,157,47,53;0,23,65281,10,11,35,16,5,13,51,45,43,21;gql.twitch.tv;0x0000001d,0x00000017,0x00000018;0
10.0.2.16;199.232.138.167;40844;443;1;0x00000303;4865,4866,4867,49195,49196,52393,49199,49200,52392,49171,49172,156,157,47,53;0,23,65281,10,11,35,16,5,13,51,45,43,21;gql.twitch.tv;0x0000001d,0x00000017,0x00000018;0
10.0.2.16;199.232.138.167;40846;443;1;0x00000303;4865,4866,4867,49195,49196,52393,49199,49200,52392,49171,49172,156,157,47,53;0,23,65281,10,11,35,16,5,13,51,45,43,21;gql.twitch.tv;0x0000001d,0x00000017,0x00000018;0
10.0.2.16;199.232.138.167;40848;443;1;0x00000303;4865,4866,4867,49195,49196,52393,49199,49200,52392,49171,49172,156,157,47,53;0,23,65281,10,11,35,16,5,13,51,45,43,21;gql.twitch.tv;0x0000001d,0x00000017,0x00000018;0
10.0.2.16;199.232.138.167;40850;443;1;0x00000303;4865,4866,4867,49195,49196,52393,49199,49200,52392,49171,49172,156,157,47,53;0,23,65281,10,11,35,16,5,13,51,45,43,21;gql.twitch.tv;0x0000001d,0x00000017,0x00000018;0
199.232.138.167;10.0.2.16;443;40840;2;0x00000303;4865;43,51;;;
199.232.138.167;10.0.2.16;443;40842;2;0x00000303;4865;43,51;;;
199.232.138.167;10.0.2.16;443;40844;2;0x00000303;4865;43,51;;;
199.232.138.167;10.0.2.16;443;40846;2;0x00000303;4865;43,51;;;
199.232.138.167;10.0.2.16;443;40848;2;0x00000303;4865;43,51;;;
199.232.138.167;10.0.2.16;443;40850;2;0x00000303;4865;43,51;;;
52.88.48.233;10.0.2.16;443;49926;2;0x00000303;49199;65281,11,35,16;;;0,1,2
10.0.2.16;199.232.138.167;40856;443;1;0x00000303;4865,4866,4867,49195,49196,52393,49199,49200,52392,49171,49172,156,157,47,53;0,23,65281,10,11,35,16,5,13,51,45,43,21,41;gql.twitch.tv;0x0000001d,0x00000017,0x00000018;0
10.0.2.16;99.86.242.107;37862;443;1;0x00000303;49195,49196,52393,49199,49200,52392,49161,49162,49171,49172,156,157,47,53;0,23,65281,10,11,35,16,5,13;api2.branch.io;0x0000001d,0x00000017,0x00000018;0
10.0.2.16;52.88.48.233;49940;443;1;0x00000303;4865,4866,4867,49195,49196,52393,49199,49200,52392,49171,49172,156,157,47,53;0,23,65281,10,11,35,16,5,13,51,45,43;video-edge-ead974.pdx01.abs.hls.ttvnw.net;0x0000001d,0x00000017,0x00000018;0
99.86.242.107;10.0.2.16;443;37862;2;0x00000303;49199;0,11,65281,16,5,35;;;0
199.232.138.167;10.0.2.16;443;40856;2;0x00000303;4865;43,51,41;;;
10.0.2.16;50.112.155.177;38516;443;1;0x00000303;49195,49196,52393,49199,49200,52392,49161,49162,49171,49172,156,157,47,53;0,23,65281,10,11,5,13;pubsub-edge.twitch.tv;0x0000001d,0x00000017,0x00000018;0
52.88.48.233;10.0.2.16;443;49940;2;0x00000303;49199;65281,16;;;
50.112.155.177;10.0.2.16;443;38516;2;0x00000303;49199;65281,11;;;0,1,2
10.0.2.16;99.86.242.15;47870;443;1;0x00000303;49195,49196,52393,49199,49200,52392,49161,49162,49171,49172,156,157,47,53;0,23,65281,10,11,35,16,5,13;cdn.branch.io;0x0000001d,0x00000017,0x00000018;0
99.86.242.15;10.0.2.16;443;47870;2;0x00000303;49199;0,11,65281,5,35;;;0
10.0.2.16;99.86.239.203;38218;443;1;0x00000303;4865,4866,4867,49195,49196,52393,49199,49200,52392,49171,49172,156,157,47,53;0,23,65281,10,11,35,16,5,13,51,45,43,21;static-cdn.jtvnw.net;0x0000001d,0x00000017,0x00000018;0
10.0.2.16;99.86.239.203;38222;443;1;0x00000303;4865,4866,4867,49195,49196,52393,49199,49200,52392,49171,49172,156,157,47,53;0,23,65281,10,11,35,16,5,13,51,45,43,21;static-cdn.jtvnw.net;0x0000001d,0x00000017,0x00000018;0
10.0.2.16;99.86.239.203;38220;443;1;0x00000303;4865,4866,4867,49195,49196,52393,49199,49200,52392,49171,49172,156,157,47,53;0,23,65281,10,11,35,16,5,13,51,45,43,21;static-cdn.jtvnw.net;0x0000001d,0x00000017,0x00000018;0
10.0.2.16;99.86.239.203;38224;443;1;0x00000303;4865,4866,4867,49195,49196,52393,49199,49200,52392,49171,49172,156,157,47,53;0,23,65281,10,11,35,16,5,13,51,45,43,21;static-cdn.jtvnw.net;0x0000001d,0x00000017,0x00000018;0
99.86.239.203;10.0.2.16;443;38218;2;0x00000303;4865;43,51;;;
99.86.239.203;10.0.2.16;443;38222;2;0x00000303;4865;43,51;;;
99.86.239.203;10.0.2.16;443;38220;2;0x00000303;4865;43,51;;;
99.86.239.203;10.0.2.16;443;38224;2;0x00000303;4865;43,51;;;
10.0.2.16;50.112.155.177;38528;443;1;0x00000303;49195,49196,52393,49199,49200,52392,49161,49162,49171,49172,156,157,47,53;0,23,65281,10,11,5,13;pubsub-edge.twitch.tv;0x0000001d,0x00000017,0x00000018;0
50.112.155.177;10.0.2.16;443;38528;2;0x00000303;49199;65281,11;;;0,1,2
10.0.2.16;13.32.14.125;40356;443;1;0x00000303;49195,49196,52393,49199,49200,52392,49161,49162,49171,49172,156,157,47,53;0,23,65281,10,11,35,16,5,13;pinpoint.us-east-1.amazonaws.com;0x0000001d,0x00000017,0x00000018;0
13.32.14.125;10.0.2.16;443;40356;2;0x00000303;49199;0,11,65281,5,35;;;0
10.0.2.16;13.32.11.18;53712;443;1;0x00000303;49195,49196,52393,49199,49200,52392,49161,49162,49171,49172,156,157,47,53;0,23,65281,10,11,35,16,5,13;ddacn6pr5v0tl.cloudfront.net;0x0000001d,0x00000017,0x00000018;0
10.0.2.16;13.32.14.125;40360;443;1;0x00000303;49195,49196,52393,49199,49200,52392,49161,49162,49171,49172,156,157,47,53;0,23,65281,10,11,35,16,5,13,21;pinpoint.us-east-1.amazonaws.com;0x0000001d,0x00000017,0x00000018;0
13.32.11.18;10.0.2.16;443;53712;2;0x00000303;49199;0,11,65281,16,5,35;;;0
13.32.14.125;10.0.2.16;443;40360;2;0x00000303;49199;11,65281,5;;;0
10.0.2.16;192.108.239.254;46004;443;1;0x00000303;4865,4866,4867,49195,49196,52393,49199,49200,52392,49171,49172,156,157,47,53;0,23,65281,10,11,35,16,5,13,51,45,43,21;usher.ttvnw.net;0x0000001d,0x00000017,0x00000018;0
192.108.239.254;10.0.2.16;443;46004;2;0x00000303;49199;0,65281,11,35;;;0,1,2
10.0.2.16;199.232.138.214;37096;443;1;0x00000303;4865,4866,4867,49195,49196,52393,49199,49200,52392,49171,49172,156,157,47,53;0,23,65281,10,11,35,16,5,13,51,45,43,21;api.twitch.tv;0x0000001d,0x00000017,0x00000018;0
10.0.2.16;199.232.138.214;37098;443;1;0x00000303;4865,4866,4867,49195,49196,52393,49199,49200,52392,49171,49172,156,157,47,53;0,23,65281,10,11,35,16,5,13,51,45,43,21;api.twitch.tv;0x0000001d,0x00000017,0x00000018;0
199.232.138.214;10.0.2.16;443;37096;2;0x00000303;4865;43,51;;;
199.232.138.214;10.0.2.16;443;37098;2;0x00000303;4865;43,51;;;
10.0.2.16;52.39.4.171;38718;443;1;0x00000303;49195,49196,52393,49199,49200,52392,49161,49162,49171,49172,156,157,47,53;0,23,65281,10,11,5,13;irc-ws.chat.twitch.tv;0x0000001d,0x00000017,0x00000018;0
52.39.4.171;10.0.2.16;443;38718;2;0x00000303;49199;65281,11;;;0,1,2
10.0.2.16;52.223.198.11;33028;443;1;0x00000303;49195,49196,52393,49199,49200,52392,49171,49172,156,157,47,53;0,23,65281,10,11,35,16,5,13;video-weaver.prg02.hls.ttvnw.net;0x0000001d,0x00000017,0x00000018;0
52.223.198.11;10.0.2.16;443;33028;2;0x00000303;49199;0,65281,11,35;;;0,1,2
10.0.2.16;52.223.200.88;59428;443;1;0x00000303;49195,49196,52393,49199,49200,52392,49171,49172,156,157,47,53;0,23,65281,10,11,35,16,5,13;video-edge-748358.prg02.abs.hls.ttvnw.net;0x0000001d,0x00000017,0x00000018;0
52.223.200.88;10.0.2.16;443;59428;2;0x00000303;49199;35,65281,11;;;0
10.0.2.16;52.210.176.161;56194;443;1;0x00000303;49195,49196,52393,49199,49200,52392,49161,49162,49171,49172,156,157,47,53;0,23,65281,10,11,35,16,5,13;twitch.prod.entry.video-ads.a2z.com;0x0000001d,0x00000017,0x00000018;0
52.210.176.161;10.0.2.16;443;56194;2;0x00000303;49171;0,11,65281;;;0
10.0.2.16;185.94.180.124;53466;443;1;0x00000303;49195,49196,52393,49199,49200,52392,49161,49162,49171,49172,156,157,47,53;0,23,65281,10,11,35,16,5,13;search.spotxchange.com;0x0000001d,0x00000017,0x00000018;0
185.94.180.124;10.0.2.16;443;53466;2;0x00000303;157;65281;;;
10.0.2.16;52.95.118.60;33742;443;1;0x00000303;49195,49196,52393,49199,49200,52392,49161,49162,49171,49172,156,157,47,53;0,23,65281,10,11,35,16,5,13;aax-eu.amazon-adsystem.com;0x0000001d,0x00000017,0x00000018;0
52.95.118.60;10.0.2.16;443;33742;2;0x00000303;49199;65281,11,35,5,16;;;0,1,2
10.0.2.16;199.232.138.167;40896;443;1;0x00000303;4865,4866,4867,49195,49196,52393,49199,49200,52392,49171,49172,156,157,47,53;0,23,65281,10,11,35,16,5,13,51,45,43,21,41;gql.twitch.tv;0x0000001d,0x00000017,0x00000018;0
199.232.138.167;10.0.2.16;443;40896;2;0x00000303;4865;43,51,41;;;
10.0.2.16;13.32.14.35;58564;443;1;0x00000303;4865,4866,4867,49195,49196,52393,49199,49200,52392,49171,49172,156,157,47,53;0,23,65281,10,11,35,16,5,13,51,45,43,21;clips-media-assets2.twitch.tv;0x0000001d,0x00000017,0x00000018;0
13.32.14.35;10.0.2.16;443;58564;2;0x00000303;4865;43,51;;;
10.0.2.16;99.86.242.110;43420;443;1;0x00000303;4865,4866,4867,49195,49196,52393,49199,49200,52392,49171,49172,156,157,47,53;0,23,65281,10,11,35,16,5,13,51,45,43,21;panels-images.twitch.tv;0x0000001d,0x00000017,0x00000018;0
10.0.2.16;99.86.242.110;43422;443;1;0x00000303;4865,4866,4867,49195,49196,52393,49199,49200,52392,49171,49172,156,157,47,53;0,23,65281,10,11,35,16,5,13,51,45,43,21;panels-images.twitch.tv;0x0000001d,0x00000017,0x00000018;0
99.86.242.110;10.0.2.16;443;43420;2;0x00000303;4865;43,51;;;
10.0.2.16;99.86.242.110;43424;443;1;0x00000303;4865,4866,4867,49195,49196,52393,49199,49200,52392,49171,49172,156,157,47,53;0,23,65281,10,11,35,16,5,13,51,45,43,21;panels-images.twitch.tv;0x0000001d,0x00000017,0x00000018;0
99.86.242.110;10.0.2.16;443;43422;2;0x00000303;4865;43,51;;;
99.86.242.110;10.0.2.16;443;43424;2;0x00000303;4865;43,51;;;
10.0.2.16;99.86.242.48;40362;443;1;0x00000303;4865,4866,4867,49195,49196,52393,49199,49200,52392,49171,49172,156,157,47,53;0,23,65281,10,11,35,16,5,13,51,45,43,21;vod-secure.twitch.tv;0x0000001d,0x00000017,0x00000018;0
99.86.242.48;10.0.2.16;443;40362;2;0x00000303;4865;43,51;;;
10.0.2.16;44.237.152.218;35418;443;1;0x00000303;49195,49196,52393,49199,49200,52392,49161,49162,49171,49172,156,157,47,53;0,23,65281,10,11,5,13;irc-ws.chat.twitch.tv;0x0000001d,0x00000017,0x00000018;0
44.237.152.218;10.0.2.16;443;35418;2;0x00000303;49199;65281,11;;;0,1,2
10.0.2.16;54.186.84.231;60902;443;1;0x00000303;4865,4866,4867,49195,49196,52393,49199,49200,52392,49171,49172,156,157,47,53;0,23,65281,10,11,35,16,5,13,51,45,43,21;video-edge-ead974.pdx01.abs.hls.ttvnw.net;0x0000001d,0x00000017,0x00000018;0
10.0.2.16;199.232.138.167;40912;443;1;0x00000303;4865,4866,4867,49195,49196,52393,49199,49200,52392,49171,49172,156,157,47,53;0,23,65281,10,11,35,16,5,13,51,45,43,21;gql.twitch.tv;0x0000001d,0x00000017,0x00000018;0
10.0.2.16;199.232.138.167;40914;443;1;0x00000303;4865,4866,4867,49195,49196,52393,49199,49200,52392,49171,49172,156,157,47,53;0,23,65281,10,11,35,16,5,13,51,45,43,21;gql.twitch.tv;0x0000001d,0x00000017,0x00000018;0
10.0.2.16;199.232.138.167;40920;443;1;0x00000303;4865,4866,4867,49195,49196,52393,49199,49200,52392,49171,49172,156,157,47,53;0,23,65281,10,11,35,16,5,13,51,45,43,21;gql.twitch.tv;0x0000001d,0x00000017,0x00000018;0
10.0.2.16;199.232.138.167;40916;443;1;0x00000303;4865,4866,4867,49195,49196,52393,49199,49200,52392,49171,49172,156,157,47,53;0,23,65281,10,11,35,16,5,13,51,45,43,21;gql.twitch.tv;0x0000001d,0x00000017,0x00000018;0
199.232.138.167;10.0.2.16;443;40912;2;0x00000303;4865;43,51;;;
10.0.2.16;199.232.138.167;40918;443;1;0x00000303;4865,4866,4867,49195,49196,52393,49199,49200,52392,49171,49172,156,157,47,53;0,23,65281,10,11,35,16,5,13,51,45,43,21;gql.twitch.tv;0x0000001d,0x00000017,0x00000018;0
199.232.138.167;10.0.2.16;443;40914;2;0x00000303;4865;43,51;;;
199.232.138.167;10.0.2.16;443;40920;2;0x00000303;4865;43,51;;;
199.232.138.167;10.0.2.16;443;40916;2;0x00000303;4865;43,51;;;
199.232.138.167;10.0.2.16;443;40918;2;0x00000303;4865;43,51;;;
54.186.84.231;10.0.2.16;443;60902;2;0x00000303;49199;65281,11,35,16;;;0,1,2
10.0.2.16;199.232.138.167;40924;443;1;0x00000303;4865,4866,4867,49195,49196,52393,49199,49200,52392,49171,49172,156,157,47,53;0,23,65281,10,11,35,16,5,13,51,45,43,21;gql.twitch.tv;0x0000001d,0x00000017,0x00000018;0
199.232.138.167;10.0.2.16;443;40924;2;0x00000303;4865;43,51;;;
10.0.2.16;54.186.84.231;60914;443;1;0x00000303;4865,4866,4867,49195,49196,52393,49199,49200,52392,49171,49172,156,157,47,53;0,23,65281,10,11,35,16,5,13,51,45,43;video-edge-ead974.pdx01.abs.hls.ttvnw.net;0x0000001d,0x00000017,0x00000018;0
54.186.84.231;10.0.2.16;443;60914;2;0x00000303;49199;65281,16;;;
10.0.2.16;199.232.138.167;40926;443;1;0x00000303;4865,4866,4867,49195,49196,52393,49199,49200,52392,49171,49172,156,157,47,53;0,23,65281,10,11,35,16,5,13,51,45,43,21,41;gql.twitch.tv;0x0000001d,0x00000017,0x00000018;0
199.232.138.167;10.0.2.16;443;40926;2;0x00000303;4865;43,51,41;;;
10.0.2.16;99.86.239.203;38286;443;1;0x00000303;4865,4866,4867,49195,49196,52393,49199,49200,52392,49171,49172,156,157,47,53;0,23,65281,10,11,35,16,5,13,51,45,43,21;static-cdn.jtvnw.net;0x0000001d,0x00000017,0x00000018;0
10.0.2.16;99.86.239.203;38290;443;1;0x00000303;4865,4866,4867,49195,49196,52393,49199,49200,52392,49171,49172,156,157,47,53;0,23,65281,10,11,35,16,5,13,51,45,43,21;static-cdn.jtvnw.net;0x0000001d,0x00000017,0x00000018;0
10.0.2.16;99.86.239.203;38288;443;1;0x00000303;4865,4866,4867,49195,49196,52393,49199,49200,52392,49171,49172,156,157,47,53;0,23,65281,10,11,35,16,5,13,51,45,43,21;static-cdn.jtvnw.net;0x0000001d,0x00000017,0x00000018;0
10.0.2.16;99.86.239.203;38292;443;1;0x00000303;4865,4866,4867,49195,49196,52393,49199,49200,52392,49171,49172,156,157,47,53;0,23,65281,10,11,35,16,5,13,51,45,43,21;static-cdn.jtvnw.net;0x0000001d,0x00000017,0x00000018;0
10.0.2.16;99.86.239.203;38294;443;1;0x00000303;4865,4866,4867,49195,49196,52393,49199,49200,52392,49171,49172,156,157,47,53;0,23,65281,10,11,35,16,5,13,51,45,43,21;static-cdn.jtvnw.net;0x0000001d,0x00000017,0x00000018;0
99.86.239.203;10.0.2.16;443;38286;2;0x00000303;4865;43,51;;;
10.0.2.16;54.149.115.210;33078;443;1;0x00000303;49195,49196,52393,49199,49200,52392,49161,49162,49171,49172,156,157,47,53;0,23,65281,10,11,5,13;pubsub-edge.twitch.tv;0x0000001d,0x00000017,0x00000018;0
99.86.239.203;10.0.2.16;443;38290;2;0x00000303;4865;43,51;;;
99.86.239.203;10.0.2.16;443;38288;2;0x00000303;4865;43,51;;;
99.86.239.203;10.0.2.16;443;38292;2;0x00000303;4865;43,51;;;
99.86.239.203;10.0.2.16;443;38294;2;0x00000303;4865;43,51;;;
54.149.115.210;10.0.2.16;443;33078;2;0x00000303;49199;65281,11;;;0,1,2
10.0.2.16;99.86.242.128;34542;443;1;0x00000303;4865,4866,4867,49195,49196,52393,49199,49200,52392,49171,49172,156,157,47,53;0,23,65281,10,11,35,16,5,13,51,45,43,21;vod-secure.twitch.tv;0x0000001d,0x00000017,0x00000018;0
99.86.242.128;10.0.2.16;443;34542;2;0x00000303;4865;43,51;;;
10.0.2.16;52.32.146.62;48432;443;1;0x00000303;4865,4866,4867,49195,49196,52393,49199,49200,52392,49171,49172,156,157,47,53;0,23,65281,10,11,35,16,5,13,51,45,43,21;video-edge-ead974.pdx01.abs.hls.ttvnw.net;0x0000001d,0x00000017,0x00000018;0
10.0.2.16;199.232.138.167;40944;443;1;0x00000303;4865,4866,4867,49195,49196,52393,49199,49200,52392,49171,49172,156,157,47,53;0,23,65281,10,11,35,16,5,13,51,45,43,21;gql.twitch.tv;0x0000001d,0x00000017,0x00000018;0
10.0.2.16;199.232.138.167;40946;443;1;0x00000303;4865,4866,4867,49195,49196,52393,49199,49200,52392,49171,49172,156,157,47,53;0,23,65281,10,11,35,16,5,13,51,45,43,21;gql.twitch.tv;0x0000001d,0x00000017,0x00000018;0
10.0.2.16;199.232.138.167;40950;443;1;0x00000303;4865,4866,4867,49195,49196,52393,49199,49200,52392,49171,49172,156,157,47,53;0,23,65281,10,11,35,16,5,13,51,45,43,21;gql.twitch.tv;0x0000001d,0x00000017,0x00000018;0
10.0.2.16;199.232.138.167;40948;443;1;0x00000303;4865,4866,4867,49195,49196,52393,49199,49200,52392,49171,49172,156,157,47,53;0,23,65281,10,11,35,16,5,13,51,45,43,21;gql.twitch.tv;0x0000001d,0x00000017,0x00000018;0
10.0.2.16;199.232.138.167;40952;443;1;0x00000303;4865,4866,4867,49195,49196,52393,49199,49200,52392,49171,49172,156,157,47,53;0,23,65281,10,11,35,16,5,13,51,45,43,21;gql.twitch.tv;0x0000001d,0x00000017,0x00000018;0
199.232.138.167;10.0.2.16;443;40944;2;0x00000303;4865;43,51;;;
10.0.2.16;199.232.138.167;40954;443;1;0x00000303;4865,4866,4867,49195,49196,52393,49199,49200,52392,49171,49172,156,157,47,53;0,23,65281,10,11,35,16,5,13,51,45,43,21;gql.twitch.tv;0x0000001d,0x00000017,0x00000018;0
199.232.138.167;10.0.2.16;443;40946;2;0x00000303;4865;43,51;;;
199.232.138.167;10.0.2.16;443;40950;2;0x00000303;4865;43,51;;;
199.232.138.167;10.0.2.16;443;40948;2;0x00000303;4865;43,51;;;
199.232.138.167;10.0.2.16;443;40952;2;0x00000303;4865;43,51;;;
199.232.138.167;10.0.2.16;443;40954;2;0x00000303;4865;43,51;;;
52.32.146.62;10.0.2.16;443;48432;2;0x00000303;49199;65281,11,35,16;;;0,1,2
10.0.2.16;199.232.138.167;40958;443;1;0x00000303;4865,4866,4867,49195,49196,52393,49199,49200,52392,49171,49172,156,157,47,53;0,23,65281,10,11,35,16,5,13,51,45,43,21,41;gql.twitch.tv;0x0000001d,0x00000017,0x00000018;0
199.232.138.167;10.0.2.16;443;40958;2;0x00000303;4865;43,51,41;;;
10.0.2.16;52.32.146.62;48446;443;1;0x00000303;4865,4866,4867,49195,49196,52393,49199,49200,52392,49171,49172,156,157,47,53;0,23,65281,10,11,35,16,5,13,51,45,43;video-edge-ead974.pdx01.abs.hls.ttvnw.net;0x0000001d,0x00000017,0x00000018;0
10.0.2.16;35.162.64.28;56562;443;1;0x00000303;49195,49196,52393,49199,49200,52392,49161,49162,49171,49172,156,157,47,53;0,23,65281,10,11,5,13;pubsub-edge.twitch.tv;0x0000001d,0x00000017,0x00000018;0
52.32.146.62;10.0.2.16;443;48446;2;0x00000303;49199;65281,16;;;
35.162.64.28;10.0.2.16;443;56562;2;0x00000303;49199;65281,11;;;0,1,2
10.0.2.16;35.162.64.28;56564;443;1;0x00000303;49195,49196,52393,49199,49200,52392,49161,49162,49171,49172,156,157,47,53;0,23,65281,10,11,5,13;pubsub-edge.twitch.tv;0x0000001d,0x00000017,0x00000018;0
35.162.64.28;10.0.2.16;443;56564;2;0x00000303;49199;65281,11;;;0,1,2
10.0.2.16;13.32.14.129;55142;443;1;0x00000303;49195,49196,52393,49199,49200,52392,49161,49162,49171,49172,156,157,47,53;0,23,65281,10,11,35,16,5,13;pinpoint.us-east-1.amazonaws.com;0x0000001d,0x00000017,0x00000018;0
13.32.14.129;10.0.2.16;443;55142;2;0x00000303;49199;0,11,65281,5,35;;;0
10.0.2.16;13.32.14.129;55144;443;1;0x00000303;49195,49196,52393,49199,49200,52392,49161,49162,49171,49172,156,157,47,53;0,23,65281,10,11,35,16,5,13,21;pinpoint.us-east-1.amazonaws.com;0x0000001d,0x00000017,0x00000018;0
10.0.2.16;13.32.11.215;40496;443;1;0x00000303;49195,49196,52393,49199,49200,52392,49161,49162,49171,49172,156,157,47,53;0,23,65281,10,11,35,16,5,13;ddacn6pr5v0tl.cloudfront.net;0x0000001d,0x00000017,0x00000018;0
13.32.14.129;10.0.2.16;443;55144;2;0x00000303;49199;11,65281,5;;;0
13.32.11.215;10.0.2.16;443;40496;2;0x00000303;49199;0,11,65281,16,5,35;;;0
10.0.2.16;23.160.0.254;39158;443;1;0x00000303;4865,4866,4867,49195,49196,52393,49199,49200,52392,49171,49172,156,157,47,53;0,23,65281,10,11,35,16,5,13,51,45,43,21;usher.ttvnw.net;0x0000001d,0x00000017,0x00000018;0
23.160.0.254;10.0.2.16;443;39158;2;0x00000303;49199;0,65281,11,35;;;0,1,2
10.0.2.16;199.232.138.214;37188;443;1;0x00000303;4865,4866,4867,49195,49196,52393,49199,49200,52392,49171,49172,156,157,47,53;0,23,65281,10,11,35,16,5,13,51,45,43,21;api.twitch.tv;0x0000001d,0x00000017,0x00000018;0
10.0.2.16;199.232.138.214;37190;443;1;0x00000303;4865,4866,4867,49195,49196,52393,49199,49200,52392,49171,49172,156,157,47,53;0,23,65281,10,11,35,16,5,13,51,45,43,21;api.twitch.tv;0x0000001d,0x00000017,0x00000018;0
199.232.138.214;10.0.2.16;443;37188;2;0x00000303;4865;43,51;;;
199.232.138.214;10.0.2.16;443;37190;2;0x00000303;4865;43,51;;;
10.0.2.16;54.71.178.6;53094;443;1;0x00000303;49195,49196,52393,49199,49200,52392,49161,49162,49171,49172,156,157,47,53;0,23,65281,10,11,5,13;irc-ws.chat.twitch.tv;0x0000001d,0x00000017,0x00000018;0
54.71.178.6;10.0.2.16;443;53094;2;0x00000303;49199;65281,11;;;0,1,2
10.0.2.16;52.223.198.11;33120;443;1;0x00000303;49195,49196,52393,49199,49200,52392,49171,49172,156,157,47,53;0,23,65281,10,11,35,16,5,13;video-weaver.prg02.hls.ttvnw.net;0x0000001d,0x00000017,0x00000018;0
52.223.198.11;10.0.2.16;443;33120;2;0x00000303;49199;0,65281,11,35;;;0,1,2
10.0.2.16;52.223.200.83;33876;443;1;0x00000303;49195,49196,52393,49199,49200,52392,49171,49172,156,157,47,53;0,23,65281,10,11,35,16,5,13;video-edge-748de0.prg02.abs.hls.ttvnw.net;0x0000001d,0x00000017,0x00000018;0
52.223.200.83;10.0.2.16;443;33876;2;0x00000303;49199;35,65281,11;;;0
10.0.2.16;34.252.74.211;49590;443;1;0x00000303;49195,49196,52393,49199,49200,52392,49161,49162,49171,49172,156,157,47,53;0,23,65281,10,11,35,16,5,13;twitch.prod.entry.video-ads.a2z.com;0x0000001d,0x00000017,0x00000018;0
34.252.74.211;10.0.2.16;443;49590;2;0x00000303;49171;0,11,65281;;;0
10.0.2.16;185.94.180.123;39800;443;1;0x00000303;49195,49196,52393,49199,49200,52392,49161,49162,49171,49172,156,157,47,53;0,23,65281,10,11,35,16,5,13;search.spotxchange.com;0x0000001d,0x00000017,0x00000018;0
185.94.180.123;10.0.2.16;443;39800;2;0x00000303;157;65281;;;
10.0.2.16;52.95.123.167;37724;443;1;0x00000303;49195,49196,52393,49199,49200,52392,49161,49162,49171,49172,156,157,47,53;0,23,65281,10,11,35,16,5,13;aax-eu.amazon-adsystem.com;0x0000001d,0x00000017,0x00000018;0
52.95.123.167;10.0.2.16;443;37724;2;0x00000303;49199;65281,11,35,5,16;;;0,1,2
10.0.2.16;99.86.239.203;38344;443;1;0x00000303;4865,4866,4867,49195,49196,52393,49199,49200,52392,49171,49172,156,157,47,53;0,23,65281,10,11,35,16,5,13,51,45,43,21;static-cdn.jtvnw.net;0x0000001d,0x00000017,0x00000018;0
10.0.2.16;99.86.239.203;38346;443;1;0x00000303;4865,4866,4867,49195,49196,52393,49199,49200,52392,49171,49172,156,157,47,53;0,23,65281,10,11,35,16,5,13,51,45,43,21;static-cdn.jtvnw.net;0x0000001d,0x00000017,0x00000018;0
99.86.239.203;10.0.2.16;443;38344;2;0x00000303;4865;43,51;;;
99.86.239.203;10.0.2.16;443;38346;2;0x00000303;4865;43,51;;;
10.0.2.16;199.232.138.167;40992;443;1;0x00000303;4865,4866,4867,49195,49196,52393,49199,49200,52392,49171,49172,156,157,47,53;0,23,65281,10,11,35,16,5,13,51,45,43,21,41;gql.twitch.tv;0x0000001d,0x00000017,0x00000018;0
199.232.138.167;10.0.2.16;443;40992;2;0x00000303;4865;43,51,41;;;
10.0.2.16;23.160.0.254;39182;443;1;0x00000303;4865,4866,4867,49195,49196,52393,49199,49200,52392,49171,49172,156,157,47,53;0,23,65281,10,11,35,16,5,13,51,45,43,21;usher.ttvnw.net;0x0000001d,0x00000017,0x00000018;0
23.160.0.254;10.0.2.16;443;39182;2;0x00000303;49199;0,65281,11,35;;;0,1,2
10.0.2.16;52.223.198.11;33138;443;1;0x00000303;49195,49196,52393,49199,49200,52392,49171,49172,156,157,47,53;0,23,65281,10,11,35,16,5,13;video-weaver.prg02.hls.ttvnw.net;0x0000001d,0x00000017,0x00000018;0
52.223.198.11;10.0.2.16;443;33138;2;0x00000303;49199;0,65281,11,35;;;0,1,2
10.0.2.16;52.223.198.11;33140;443;1;0x00000303;49195,49196,52393,49199,49200,52392,49171,49172,156,157,47,53;0,23,65281,10,11,35,16,5,13;video-weaver.prg02.hls.ttvnw.net;0x0000001d,0x00000017,0x00000018;0
52.223.198.11;10.0.2.16;443;33140;2;0x00000303;49199;0,65281,11,35;;;0,1,2
10.0.2.16;52.223.200.36;55462;443;1;0x00000303;49195,49196,52393,49199,49200,52392,49171,49172,156,157,47,53;0,23,65281,10,11,35,16,5,13;video-edge-748bd0.prg02.abs.hls.ttvnw.net;0x0000001d,0x00000017,0x00000018;0
52.223.200.36;10.0.2.16;443;55462;2;0x00000303;49199;35,65281,11;;;0
10.0.2.16;52.223.198.11;33144;443;1;0x00000303;49195,49196,52393,49199,49200,52392,49171,49172,156,157,47,53;0,23,65281,10,11,35,16,5,13;video-weaver.prg02.hls.ttvnw.net;0x0000001d,0x00000017,0x00000018;0
52.223.198.11;10.0.2.16;443;33144;2;0x00000303;49199;0,65281,11,35;;;0,1,2
10.0.2.16;52.223.198.11;33146;443;1;0x00000303;49195,49196,52393,49199,49200,52392,49171,49172,156,157,47,53;0,23,65281,10,11,35,16,5,13;video-weaver.prg02.hls.ttvnw.net;0x0000001d,0x00000017,0x00000018;0
52.223.198.11;10.0.2.16;443;33146;2;0x00000303;49199;0,65281,11,35;;;0,1,2
10.0.2.16;52.223.198.11;33148;443;1;0x00000303;49195,49196,52393,49199,49200,52392,49171,49172,156,157,47,53;0,23,65281,10,11,35,16,5,13;video-weaver.prg02.hls.ttvnw.net;0x0000001d,0x00000017,0x00000018;0
52.223.198.11;10.0.2.16;443;33148;2;0x00000303;49199;0,65281,11,35;;;0,1,2
10.0.2.16;52.223.198.11;33150;443;1;0x00000303;49195,49196,52393,49199,49200,52392,49171,49172,156,157,47,53;0,23,65281,10,11,35,16,5,13;video-weaver.prg02.hls.ttvnw.net;0x0000001d,0x00000017,0x00000018;0
52.223.198.11;10.0.2.16;443;33150;2;0x00000303;49199;0,65281,11,35;;;0,1,2
10.0.2.16;52.223.200.37;37064;443;1;0x00000303;49195,49196,52393,49199,49200,52392,49171,49172,156,157,47,53;0,23,65281,10,11,35,16,5,13;video-edge-7489cc.prg02.abs.hls.ttvnw.net;0x0000001d,0x00000017,0x00000018;0
52.223.200.37;10.0.2.16;443;37064;2;0x00000303;49199;35,65281,11;;;0
10.0.2.16;52.223.200.80;42648;443;1;0x00000303;49195,49196,52393,49199,49200,52392,49171,49172,156,157,47,53;0,23,65281,10,11,35,16,5,13;video-edge-74943c.prg02.abs.hls.ttvnw.net;0x0000001d,0x00000017,0x00000018;0
52.223.200.80;10.0.2.16;443;42648;2;0x00000303;49199;35,65281,11;;;0
10.0.2.16;52.223.198.11;33156;443;1;0x00000303;49195,49196,52393,49199,49200,52392,49171,49172,156,157,47,53;0,23,65281,10,11,35,16,5,13;video-weaver.prg02.hls.ttvnw.net;0x0000001d,0x00000017,0x00000018;0
52.223.198.11;10.0.2.16;443;33156;2;0x00000303;49199;0,65281,11,35;;;0,1,2
10.0.2.16;52.223.200.36;55478;443;1;0x00000303;49195,49196,52393,49199,49200,52392,49171,49172,156,157,47,53;0,23,65281,10,11,35,16,5,13;video-edge-748bd0.prg02.abs.hls.ttvnw.net;0x0000001d,0x00000017,0x00000018;0
52.223.200.36;10.0.2.16;443;55478;2;0x00000303;49199;35,65281,11;;;0
10.0.2.16;52.223.200.36;55480;443;1;0x00000303;49195,49196,52393,49199,49200,52392,49171,49172,156,157,47,53;0,23,65281,10,11,35,16,5,13,21;video-edge-748bd0.prg02.abs.hls.ttvnw.net;0x0000001d,0x00000017,0x00000018;0
52.223.200.36;10.0.2.16;443;55480;2;0x00000303;49199;65281,11;;;0
10.0.2.16;52.223.198.11;33162;443;1;0x00000303;49195,49196,52393,49199,49200,52392,49171,49172,156,157,47,53;0,23,65281,10,11,35,16,5,13;video-weaver.prg02.hls.ttvnw.net;0x0000001d,0x00000017,0x00000018;0
52.223.198.11;10.0.2.16;443;33162;2;0x00000303;49199;0,65281,11,35;;;0,1,2
10.0.2.16;52.223.200.122;41356;443;1;0x00000303;49195,49196,52393,49199,49200,52392,49171,49172,156,157,47,53;0,23,65281,10,11,35,16,5,13;video-edge-748188.prg02.abs.hls.ttvnw.net;0x0000001d,0x00000017,0x00000018;0
52.223.200.122;10.0.2.16;443;41356;2;0x00000303;49199;35,65281,11;;;0
10.0.2.16;52.223.200.55;41786;443;1;0x00000303;49195,49196,52393,49199,49200,52392,49171,49172,156,157,47,53;0,23,65281,10,11,35,16,5,13;video-edge-748b50.prg02.abs.hls.ttvnw.net;0x0000001d,0x00000017,0x00000018;0
52.223.200.55;10.0.2.16;443;41786;2;0x00000303;49199;35,65281,11;;;0
10.0.2.16;52.223.198.11;33168;443;1;0x00000303;49195,49196,52393,49199,49200,52392,49171,49172,156,157,47,53;0,23,65281,10,11,35,16,5,13;video-weaver.prg02.hls.ttvnw.net;0x0000001d,0x00000017,0x00000018;0
52.223.198.11;10.0.2.16;443;33168;2;0x00000303;49199;0,65281,11,35;;;0,1,2
10.0.2.16;52.223.200.52;34020;443;1;0x00000303;49195,49196,52393,49199,49200,52392,49171,49172,156,157,47,53;0,23,65281,10,11,35,16,5,13;video-edge-748650.prg02.abs.hls.ttvnw.net;0x0000001d,0x00000017,0x00000018;0
52.223.200.52;10.0.2.16;443;34020;2;0x00000303;49199;35,65281,11;;;0
10.0.2.16;52.223.198.11;33172;443;1;0x00000303;49195,49196,52393,49199,49200,52392,49171,49172,156,157,47,53;0,23,65281,10,11,35,16,5,13;video-weaver.prg02.hls.ttvnw.net;0x0000001d,0x00000017,0x00000018;0
52.223.198.11;10.0.2.16;443;33172;2;0x00000303;49199;0,65281,11,35;;;0,1,2
10.0.2.16;52.223.200.83;33928;443;1;0x00000303;49195,49196,52393,49199,49200,52392,49171,49172,156,157,47,53;0,23,65281,10,11,35,16,5,13;video-edge-748de0.prg02.abs.hls.ttvnw.net;0x0000001d,0x00000017,0x00000018;0
52.223.200.83;10.0.2.16;443;33928;2;0x00000303;49199;35,65281,11;;;0
10.0.2.16;52.223.200.52;34026;443;1;0x00000303;49195,49196,52393,49199,49200,52392,49171,49172,156,157,47,53;0,23,65281,10,11,35,16,5,13;video-edge-748650.prg02.abs.hls.ttvnw.net;0x0000001d,0x00000017,0x00000018;0
52.223.200.52;10.0.2.16;443;34026;2;0x00000303;49199;35,65281,11;;;0
10.0.2.16;52.223.200.52;34028;443;1;0x00000303;49195,49196,52393,49199,49200,52392,49171,49172,156,157,47,53;0,23,65281,10,11,35,16,5,13,21;video-edge-748650.prg02.abs.hls.ttvnw.net;0x0000001d,0x00000017,0x00000018;0
52.223.200.52;10.0.2.16;443;34028;2;0x00000303;49199;65281,11;;;0
10.0.2.16;52.223.198.11;33180;443;1;0x00000303;49195,49196,52393,49199,49200,52392,49171,49172,156,157,47,53;0,23,65281,10,11,35,16,5,13;video-weaver.prg02.hls.ttvnw.net;0x0000001d,0x00000017,0x00000018;0
52.223.198.11;10.0.2.16;443;33180;2;0x00000303;49199;0,65281,11,35;;;0,1,2
10.0.2.16;52.223.200.80;42676;443;1;0x00000303;49195,49196,52393,49199,49200,52392,49171,49172,156,157,47,53;0,23,65281,10,11,35,16,5,13;video-edge-74943c.prg02.abs.hls.ttvnw.net;0x0000001d,0x00000017,0x00000018;0
52.223.200.80;10.0.2.16;443;42676;2;0x00000303;49199;35,65281,11;;;0
10.0.2.16;52.223.200.71;58484;443;1;0x00000303;49195,49196,52393,49199,49200,52392,49171,49172,156,157,47,53;0,23,65281,10,11,35,16,5,13;video-edge-7492d4.prg02.abs.hls.ttvnw.net;0x0000001d,0x00000017,0x00000018;0
52.223.200.71;10.0.2.16;443;58484;2;0x00000303;49199;35,65281,11;;;0
