10.0.2.16;31.13.84.8;36740;443;1;0x00000303;4865,4866,4867,49195,49196,52393,49199,49200,52392,49161,49162,49171,49172,156,157,47,53;0,23,65281,10,11,35,16,5,13,51,45,43,21;graph.facebook.com;0x0000001d,0x00000017,0x00000018;0
10.0.2.16;31.13.84.8;36742;443;1;0x00000303;4865,4866,4867,49195,49196,52393,49199,49200,52392,49161,49162,49171,49172,156,157,47,53;0,23,65281,10,11,35,16,5,13,51,45,43,21;graph.facebook.com;0x0000001d,0x00000017,0x00000018;0
31.13.84.8;10.0.2.16;443;36740;2;0x00000303;4865;43,51;;;
31.13.84.8;10.0.2.16;443;36742;2;0x00000303;4865;43,51;;;
10.0.2.16;31.13.84.8;36744;443;1;0x00000303;49195,49196,52393,49199,49200,52392,49161,49162,49171,49172,156,157,47,53;0,23,65281,10,11,35,16,5,13;graph.facebook.com;0x0000001d,0x00000017,0x00000018;0
31.13.84.8;10.0.2.16;443;36744;2;0x00000303;49195;65281,0,11,35,16,23;;;0,1,2
10.0.2.16;159.69.198.243;32838;443;1;0x00000303;49195,49196,52393,49199,49200,52392,49171,49172,156,157,47,53;0,23,65281,10,11,5,13;windyapp.co;0x0000001d,0x00000017,0x00000018;0
10.0.2.16;159.69.198.243;32840;443;1;0x00000303;49195,49196,52393,49199,49200,52392,49171,49172,156,157,47,53;0,23,65281,10,11,5,13;windyapp.co;0x0000001d,0x00000017,0x00000018;0
159.69.198.243;10.0.2.16;443;32840;2;0x00000303;49199;0,65281,11;;;0
159.69.198.243;10.0.2.16;443;32838;2;0x00000303;49199;0,65281,11;;;0
10.0.2.16;159.69.198.243;32842;443;1;0x00000303;49195,49196,52393,49199,49200,52392,49171,49172,156,157,47,53;0,23,65281,10,11,5,13;windyapp.co;0x0000001d,0x00000017,0x00000018;0
10.0.2.16;159.69.198.243;32844;443;1;0x00000303;49195,49196,52393,49199,49200,52392,49171,49172,156,157,47,53;0,23,65281,10,11,5,13;windyapp.co;0x0000001d,0x00000017,0x00000018;0
10.0.2.16;159.69.198.243;32846;443;1;0x00000303;49195,49196,52393,49199,49200,52392,49171,49172,156,157,47,53;0,23,65281,10,11,5,13;windyapp.co;0x0000001d,0x00000017,0x00000018;0
159.69.198.243;10.0.2.16;443;32842;2;0x00000303;49199;0,65281,11;;;0
159.69.198.243;10.0.2.16;443;32844;2;0x00000303;49199;0,65281,11;;;0
159.69.198.243;10.0.2.16;443;32846;2;0x00000303;49199;0,65281,11;;;0
10.0.2.16;159.69.198.243;32848;443;1;0x00000303;49195,49196,52393,49199,49200,52392,49171,49172,156,157,47,53;0,23,65281,10,11,5,13;windyapp.co;0x0000001d,0x00000017,0x00000018;0
159.69.198.243;10.0.2.16;443;32848;2;0x00000303;49199;0,65281,11;;;0
10.0.2.16;159.69.198.243;32850;443;1;0x00000303;49195,49196,52393,49199,49200,52392,49171,49172,156,157,47,53;0,23,65281,10,11,5,13;windyapp.co;0x0000001d,0x00000017,0x00000018;0
10.0.2.16;159.69.198.243;32852;443;1;0x00000303;49195,49196,52393,49199,49200,52392,49171,49172,156,157,47,53;0,23,65281,10,11,5,13;windyapp.co;0x0000001d,0x00000017,0x00000018;0
159.69.198.243;10.0.2.16;443;32850;2;0x00000303;49199;0,65281,11;;;0
159.69.198.243;10.0.2.16;443;32852;2;0x00000303;49199;0,65281;;;
10.0.2.16;159.69.198.243;32856;443;1;0x00000303;49195,49196,52393,49199,49200,52392,49171,49172,156,157,47,53;0,23,65281,10,11,5,13;windyapp.co;0x0000001d,0x00000017,0x00000018;0
10.0.2.16;104.18.225.52;56222;443;1;0x00000303;49195,49196,52393,49199,49200,52392,49161,49162,49171,49172,156,157,47,53;0,23,65281,10,11,35,16,5,13;api.onesignal.com;0x0000001d,0x00000017,0x00000018;0
104.18.225.52;10.0.2.16;443;56222;2;0x00000303;49195;0,23,65281,11,35,16,5;;;0
159.69.198.243;10.0.2.16;443;32856;2;0x00000303;49199;0,65281;;;
10.0.2.16;99.86.242.7;51922;443;1;0x00000303;49195,49196,52393,49199,49200,52392,49161,49162,49171,49172,156,157,47,53;0,23,65281,10,11,35,16,5,13;api2.branch.io;0x0000001d,0x00000017,0x00000018;0
99.86.242.7;10.0.2.16;443;51922;2;0x00000303;49199;0,11,65281,16,5,35;;;0
10.0.2.16;99.86.242.44;32922;443;1;0x00000303;49195,49196,52393,49199,49200,52392,49161,49162,49171,49172,156,157,47,53;0,23,65281,10,11,35,16,5,13;launches.appsflyer.com;0x0000001d,0x00000017,0x00000018;0
10.0.2.16;159.69.198.243;32862;443;1;0x00000303;49195,49196,52393,49199,49200,52392,49171,49172,156,157,47,53;0,23,65281,10,11,5,13;windyapp.co;0x0000001d,0x00000017,0x00000018;0
10.0.2.16;159.69.198.243;32864;443;1;0x00000303;49195,49196,52393,49199,49200,52392,49171,49172,156,157,47,53;0,23,65281,10,11,5,13;windyapp.co;0x0000001d,0x00000017,0x00000018;0
99.86.242.44;10.0.2.16;443;32922;2;0x00000303;49199;0,11,65281,16,5,35;;;0
10.0.2.16;159.69.198.243;32868;443;1;0x00000303;49195,49196,52393,49199,49200,52392,49171,49172,156,157,47,53;0,23,65281,10,11,5,13;windyapp.co;0x0000001d,0x00000017,0x00000018;0
10.0.2.16;159.69.198.243;32870;443;1;0x00000303;49195,49196,52393,49199,49200,52392,49171,49172,156,157,47,53;0,23,65281,10,11,5,13;windyapp.co;0x0000001d,0x00000017,0x00000018;0
10.0.2.16;159.69.198.243;32866;443;1;0x00000303;49195,49196,52393,49199,49200,52392,49171,49172,156,157,47,53;0,23,65281,10,11,5,13;windyapp.co;0x0000001d,0x00000017,0x00000018;0
10.0.2.16;159.69.198.243;32872;443;1;0x00000303;49195,49196,52393,49199,49200,52392,49171,49172,156,157,47,53;0,23,65281,10,11,5,13;windyapp.co;0x0000001d,0x00000017,0x00000018;0
159.69.198.243;10.0.2.16;443;32862;2;0x00000303;49199;0,65281,11;;;0
159.69.198.243;10.0.2.16;443;32864;2;0x00000303;49199;0,65281,11;;;0
159.69.198.243;10.0.2.16;443;32868;2;0x00000303;49199;0,65281;;;
159.69.198.243;10.0.2.16;443;32870;2;0x00000303;49199;0,65281;;;
159.69.198.243;10.0.2.16;443;32866;2;0x00000303;49199;0,65281,11;;;0
159.69.198.243;10.0.2.16;443;32872;2;0x00000303;49199;0,65281;;;
10.0.2.16;159.69.198.243;32874;443;1;0x00000303;49195,49196,52393,49199,49200,52392,49171,49172,156,157,47,53;0,23,65281,10,11,5,13;windyapp.co;0x0000001d,0x00000017,0x00000018;0
10.0.2.16;99.86.242.84;58138;443;1;0x00000303;49195,49196,52393,49199,49200,52392,49161,49162,49171,49172,156,157,47,53;0,23,65281,10,11,35,16,5,13;cdn.branch.io;0x0000001d,0x00000017,0x00000018;0
10.0.2.16;159.69.198.243;32876;443;1;0x00000303;49195,49196,52393,49199,49200,52392,49171,49172,156,157,47,53;0,23,65281,10,11,5,13;windyapp.co;0x0000001d,0x00000017,0x00000018;0
99.86.242.84;10.0.2.16;443;58138;2;0x00000303;49199;0,11,65281,5,35;;;0
159.69.198.243;10.0.2.16;443;32874;2;0x00000303;49199;0,65281;;;
159.69.198.243;10.0.2.16;443;32876;2;0x00000303;49199;0,65281;;;
10.0.2.16;172.217.23.238;50236;443;1;0x00000303;49195,49196,52393,49199,49200,52392,49161,49162,49171,49172,156,157,47,53;0,23,65281,10,11,35,16,5,13;clients4.google.com;0x0000001d,0x00000017,0x00000018;0
172.217.23.238;10.0.2.16;443;50236;2;0x00000303;49195;23,65281,11,35,16;;;0
10.0.2.16;159.69.198.243;32882;443;1;0x00000303;49195,49196,52393,49199,49200,52392,49171,49172,156,157,47,53;0,23,65281,10,11,5,13;windyapp.co;0x0000001d,0x00000017,0x00000018;0
159.69.198.243;10.0.2.16;443;32882;2;0x00000303;49199;0,65281,11;;;0
10.0.2.16;216.58.201.67;39840;443;1;0x00000303;49195,49196,52393,49199,49200,52392,49161,49162,49171,49172,156,157,47,53;0,23,65281,10,11,35,16,5,13;crashlyticsreports-pa.googleapis.com;0x0000001d,0x00000017,0x00000018;0
216.58.201.67;10.0.2.16;443;39840;2;0x00000303;49195;23,65281,11,35,16;;;0
10.0.2.16;142.250.218.195;33298;443;1;0x00000303;49195,49196,52393,49199,49200,52392,49161,49162,49171,49172,156,157,47,53;0,23,65281,10,11,35,16,5,13;csi.gstatic.com;0x0000001d,0x00000017,0x00000018;0
142.250.218.195;10.0.2.16;443;33298;2;0x00000303;49195;23,65281,11,35,16;;;0
10.0.2.16;172.217.23.234;47654;443;1;0x00000303;49195,49196,52393,49199,49200,52392,49161,49162,49171,49172,156,157,47,53;0,23,65281,10,11,35,16,5,13;firebaselogging-pa.googleapis.com;0x0000001d,0x00000017,0x00000018;0
172.217.23.234;10.0.2.16;443;47654;2;0x00000303;49195;23,65281,11,35,16;;;0
10.0.2.16;104.18.225.52;56258;443;1;0x00000303;49195,49196,52393,49199,49200,52392,49161,49162,49171,49172,156,157,47,53;0,23,65281,10,11,35,16,5,13,21;api.onesignal.com;0x0000001d,0x00000017,0x00000018;0
104.18.225.52;10.0.2.16;443;56258;2;0x00000303;49195;23,65281,11,16;;;0
10.0.2.16;172.217.23.238;50250;443;1;0x00000303;49195,49196,52393,49199,49200,52392,49161,49162,49171,49172,156,157,47,53;0,23,65281,10,11,35,16,5,13,21;clients4.google.com;0x0000001d,0x00000017,0x00000018;0
10.0.2.16;172.217.23.238;50248;443;1;0x00000303;49195,49196,52393,49199,49200,52392,49161,49162,49171,49172,156,157,47,53;0,23,65281,10,11,35,16,5,13,21;clients4.google.com;0x0000001d,0x00000017,0x00000018;0
172.217.23.238;10.0.2.16;443;50250;2;0x00000303;49195;23,65281,11,16;;;0
172.217.23.238;10.0.2.16;443;50248;2;0x00000303;49195;23,65281,11,16;;;0
10.0.2.16;31.13.84.8;36804;443;1;0x00000303;49195,49196,52393,49199,49200,52392,49161,49162,49171,49172,156,157,47,53;0,23,65281,10,11,35,16,5,13,21;graph.facebook.com;0x0000001d,0x00000017,0x00000018;0
31.13.84.8;10.0.2.16;443;36804;2;0x00000303;49195;65281,16,23;;;
10.0.2.16;52.11.187.174;39050;443;1;0x00000303;49195,49196,52393,49199,49200,52392,49171,49172,156,157,47,53;0,23,65281,10,11,5,13;api2.amplitude.com;0x0000001d,0x00000017,0x00000018;0
52.11.187.174;10.0.2.16;443;39050;2;0x00000303;49199;65281,11;;;0,1,2
10.0.2.16;172.217.23.238;50256;443;1;0x00000303;49195,49196,52393,49199,49200,52392,49161,49162,49171,49172,156,157,47,53;0,23,65281,10,11,35,16,5,13,21;clients4.google.com;0x0000001d,0x00000017,0x00000018;0
10.0.2.16;99.86.242.93;53004;443;1;0x00000303;49195,49196,52393,49199,49200,52392,49161,49162,49171,49172,156,157,47,53;0,23,65281,10,11,35,16,5,13;inapps.appsflyer.com;0x0000001d,0x00000017,0x00000018;0
10.0.2.16;99.86.242.44;32966;443;1;0x00000303;49195,49196,52393,49199,49200,52392,49161,49162,49171,49172,156,157,47,53;0,23,65281,10,11,35,16,5,13,21;launches.appsflyer.com;0x0000001d,0x00000017,0x00000018;0
99.86.242.93;10.0.2.16;443;53004;2;0x00000303;49199;0,11,65281,16,5,35;;;0
99.86.242.44;10.0.2.16;443;32966;2;0x00000303;49199;11,65281,16,5;;;0
172.217.23.238;10.0.2.16;443;50256;2;0x00000303;49195;23,65281,11,16;;;0
10.0.2.16;172.217.23.238;50262;443;1;0x00000303;49195,49196,52393,49199,49200,52392,49161,49162,49171,49172,156,157,47,53;0,23,65281,10,11,35,16,5,13,21;clients4.google.com;0x0000001d,0x00000017,0x00000018;0
172.217.23.238;10.0.2.16;443;50262;2;0x00000303;49195;23,65281,11,16;;;0
10.0.2.16;142.250.218.195;33320;443;1;0x00000303;49195,49196,52393,49199,49200,52392,49161,49162,49171,49172,156,157,47,53;0,23,65281,10,11,35,16,5,13,21;csi.gstatic.com;0x0000001d,0x00000017,0x00000018;0
142.250.218.195;10.0.2.16;443;33320;2;0x00000303;49195;23,65281,11,16;;;0
10.0.2.16;99.86.242.107;39690;443;1;0x00000303;49195,49196,52393,49199,49200,52392,49161,49162,49171,49172,156,157,47,53;0,23,65281,10,11,35,16,5,13,21;api2.branch.io;0x0000001d,0x00000017,0x00000018;0
99.86.242.107;10.0.2.16;443;39690;2;0x00000303;49199;11,65281,16,5;;;0
10.0.2.16;31.13.84.8;36820;443;1;0x00000303;49195,49196,52393,49199,49200,52392,49161,49162,49171,49172,156,157,47,53;0,23,65281,10,11,35,16,5,13,21;graph.facebook.com;0x0000001d,0x00000017,0x00000018;0
31.13.84.8;10.0.2.16;443;36820;2;0x00000303;49195;65281,16,23;;;
10.0.2.16;216.58.201.74;48160;443;1;0x00000303;49195,49196,52393,49199,49200,52392,49161,49162,49171,49172,156,157,47,53;0,23,65281,10,11,35,16,5,13,21;firebaselogging-pa.googleapis.com;0x0000001d,0x00000017,0x00000018;0
216.58.201.74;10.0.2.16;443;48160;2;0x00000303;49195;23,65281,11,16;;;0
10.0.2.16;99.86.242.93;53018;443;1;0x00000303;49195,49196,52393,49199,49200,52392,49161,49162,49171,49172,156,157,47,53;0,23,65281,10,11,35,16,5,13,21;inapps.appsflyer.com;0x0000001d,0x00000017,0x00000018;0
99.86.242.93;10.0.2.16;443;53018;2;0x00000303;49199;11,65281,16,5;;;0
10.0.2.16;216.58.221.195;56198;443;1;0x00000303;49195,49196,52393,49199,49200,52392,49161,49162,49171,49172,156,157,47,53;0,23,65281,10,11,35,16,5,13,21;csi.gstatic.com;0x0000001d,0x00000017,0x00000018;0
216.58.221.195;10.0.2.16;443;56198;2;0x00000303;49195;23,65281,11,16;;;0
10.0.2.16;172.217.23.238;50276;443;1;0x00000303;49195,49196,52393,49199,49200,52392,49161,49162,49171,49172,156,157,47,53;0,23,65281,10,11,35,16,5,13,21;clients4.google.com;0x0000001d,0x00000017,0x00000018;0
172.217.23.238;10.0.2.16;443;50276;2;0x00000303;49195;23,65281,11,16;;;0
10.0.2.16;99.86.242.107;39702;443;1;0x00000303;49195,49196,52393,49199,49200,52392,49161,49162,49171,49172,156,157,47,53;0,23,65281,10,11,35,16,5,13,21;api2.branch.io;0x0000001d,0x00000017,0x00000018;0
99.86.242.107;10.0.2.16;443;39702;2;0x00000303;49199;11,65281,16,5;;;0
10.0.2.16;31.13.84.8;36832;443;1;0x00000303;49195,49196,52393,49199,49200,52392,49161,49162,49171,49172,156,157,47,53;0,23,65281,10,11,35,16,5,13,21;graph.facebook.com;0x0000001d,0x00000017,0x00000018;0
31.13.84.8;10.0.2.16;443;36832;2;0x00000303;49195;65281,16,23;;;
10.0.2.16;99.86.242.67;45162;443;1;0x00000303;49195,49196,52393,49199,49200,52392,49161,49162,49171,49172,156,157,47,53;0,23,65281,10,11,35,16,5,13,21;inapps.appsflyer.com;0x0000001d,0x00000017,0x00000018;0
99.86.242.67;10.0.2.16;443;45162;2;0x00000303;49199;11,65281,16,5;;;0
10.0.2.16;104.26.12.129;51794;443;1;0x00000303;49195,49196,52393,49199,49200,52392,49171,49172,156,157,47,53;0,23,65281,10,11,5,13;spec-offers.windyapp.co;0x0000001d,0x00000017,0x00000018;0
104.26.12.129;10.0.2.16;443;51794;2;0x00000303;49195;0,23,65281,11,5;;;0
10.0.2.16;195.201.84.103;53360;443;1;0x00000303;49195,49196,52393,49199,49200,52392,49171,49172,156,157,47,53;0,23,65281,10,11,5,13;chats.windyapp.co;0x0000001d,0x00000017,0x00000018;0
195.201.84.103;10.0.2.16;443;53360;2;0x00000303;52392;65281,0,11,23;;;0,1,2
10.0.2.16;195.201.84.103;53362;443;1;0x00000303;49195,49196,52393,49199,49200,52392,49171,49172,156,157,47,53;0,23,65281,10,11,5,13;chats.windyapp.co;0x0000001d,0x00000017,0x00000018;0
195.201.84.103;10.0.2.16;443;53362;2;0x00000303;52392;65281,23;;;
10.0.2.16;216.58.201.74;48180;443;1;0x00000303;49195,49196,52393,49199,49200,52392,49161,49162,49171,49172,156,157,47,53;0,23,65281,10,11,35,16,5,13,21;firebaselogging-pa.googleapis.com;0x0000001d,0x00000017,0x00000018;0
216.58.201.74;10.0.2.16;443;48180;2;0x00000303;49195;23,65281,11,16;;;0
10.0.2.16;172.67.73.252;54878;443;1;0x00000303;49195,49196,52393,49199,49200,52392,49171,49172,156,157,47,53;0,23,65281,10,11,5,13;cdn.windyapp.co;0x0000001d,0x00000017,0x00000018;0
172.67.73.252;10.0.2.16;443;54878;2;0x00000303;49195;0,23,65281,11,5;;;0
10.0.2.16;31.13.84.8;36846;443;1;0x00000303;49195,49196,52393,49199,49200,52392,49161,49162,49171,49172,156,157,47,53;0,23,65281,10,11,35,16,5,13,21;graph.facebook.com;0x0000001d,0x00000017,0x00000018;0
31.13.84.8;10.0.2.16;443;36846;2;0x00000303;49195;65281,16,23;;;
10.0.2.16;151.101.129.140;33544;443;1;0x00000303;4865,4866,4867,49195,49196,52393,49199,49200,52392,49171,49172,156,157,47,53;0,23,65281,10,11,35,16,5,13,51,45,43,21;gql.reddit.com;0x0000001d,0x00000017,0x00000018;0
151.101.129.140;10.0.2.16;443;33544;2;0x00000303;49199;65281,16,23;;;
10.0.2.16;172.217.23.238;50298;443;1;0x00000303;49195,49196,52393,49199,49200,52392,49161,49162,49171,49172,156,157,47,53;0,23,65281,10,11,35,16,5,13,21;clients4.google.com;0x0000001d,0x00000017,0x00000018;0
172.217.23.238;10.0.2.16;443;50298;2;0x00000303;49195;23,65281,11,16;;;0
10.0.2.16;195.201.84.103;53374;443;1;0x00000303;49195,49196,52393,49199,49200,52392,49161,49162,49171,49172,156,157,47,53;0,23,65281,10,11,5,13;chats.windyapp.co;0x0000001d,0x00000017,0x00000018;0
10.0.2.16;99.86.242.67;45182;443;1;0x00000303;49195,49196,52393,49199,49200,52392,49161,49162,49171,49172,156,157,47,53;0,23,65281,10,11,35,16,5,13,21;inapps.appsflyer.com;0x0000001d,0x00000017,0x00000018;0
195.201.84.103;10.0.2.16;443;53374;2;0x00000303;52392;65281,0,11,23;;;0,1,2
99.86.242.67;10.0.2.16;443;45182;2;0x00000303;49199;11,65281,16,5;;;0
10.0.2.16;172.217.23.238;50304;443;1;0x00000303;49195,49196,52393,49199,49200,52392,49161,49162,49171,49172,156,157,47,53;0,23,65281,10,11,35,16,5,13,21;clients4.google.com;0x0000001d,0x00000017,0x00000018;0
172.217.23.238;10.0.2.16;443;50304;2;0x00000303;49195;23,65281,11,16;;;0
10.0.2.16;172.217.23.238;50306;443;1;0x00000303;49195,49196,52393,49199,49200,52392,49161,49162,49171,49172,156,157,47,53;0,23,65281,10,11,35,16,5,13,21;clients4.google.com;0x0000001d,0x00000017,0x00000018;0
172.217.23.238;10.0.2.16;443;50306;2;0x00000303;49195;23,65281,11,16;;;0
10.0.2.16;99.86.242.67;45188;443;1;0x00000303;49195,49196,52393,49199,49200,52392,49161,49162,49171,49172,156,157,47,53;0,23,65281,10,11,35,16,5,13,21;api2.branch.io;0x0000001d,0x00000017,0x00000018;0
99.86.242.67;10.0.2.16;443;45188;2;0x00000303;49199;11,65281,16,5;;;0
10.0.2.16;172.67.202.32;49864;443;1;0x00000303;14906,4865,4866,4867,49195,49199,49196,49200,52393,52392,49171,49172,156,157,47,53;31354,0,23,65281,10,11,35,16,5,13,18,51,45,43,27,47802,21;windy.app;0x0000dada,0x0000001d,0x00000017,0x00000018;0
172.67.202.32;10.0.2.16;443;49864;2;0x00000303;4865;51,43;;;
10.0.2.16;31.13.84.8;36864;443;1;0x00000303;49195,49196,52393,49199,49200,52392,49161,49162,49171,49172,156,157,47,53;0,23,65281,10,11,35,16,5,13,21;graph.facebook.com;0x0000001d,0x00000017,0x00000018;0
31.13.84.8;10.0.2.16;443;36864;2;0x00000303;49195;65281,16,23;;;
10.0.2.16;185.165.123.36;38016;443;1;0x00000303;6682,4865,4866,4867,49195,49199,49196,49200,52393,52392,49171,49172,156,157,47,53;2570,0,23,65281,10,11,35,16,5,13,18,51,45,43,27,31354,21;media.windy.app;0x00005a5a,0x0000001d,0x00000017,0x00000018;0
10.0.2.16;185.165.123.36;38018;443;1;0x00000303;35466,4865,4866,4867,49195,49199,49196,49200,52393,52392,49171,49172,156,157,47,53;47802,0,23,65281,10,11,35,16,5,13,18,51,45,43,27,35466,21;media.windy.app;0x00008a8a,0x0000001d,0x00000017,0x00000018;0
185.165.123.36;10.0.2.16;443;38016;2;0x00000303;4866;43,51;;;
10.0.2.16;185.165.123.36;38016;443;1;0x00000303;6682,4865,4866,4867,49195,49199,49196,49200,52393,52392,49171,49172,156,157,47,53;2570,0,23,65281,10,11,35,16,5,13,18,51,45,43,27,31354,21;media.windy.app;0x00005a5a,0x0000001d,0x00000017,0x00000018;0
185.165.123.36;10.0.2.16;443;38018;2;0x00000303;4866;43,51;;;
10.0.2.16;185.165.123.36;38018;443;1;0x00000303;35466,4865,4866,4867,49195,49199,49196,49200,52393,52392,49171,49172,156,157,47,53;47802,0,23,65281,10,11,35,16,5,13,18,51,45,43,27,35466,21;media.windy.app;0x00008a8a,0x0000001d,0x00000017,0x00000018;0
185.165.123.36;10.0.2.16;443;38016;2;0x00000303;4866;43,51;;;
185.165.123.36;10.0.2.16;443;38018;2;0x00000303;4866;43,51;;;
10.0.2.16;178.248.236.28;36804;443;1;0x00000303;39578,4865,4866,4867,49195,49199,49196,49200,52393,52392,49171,49172,156,157,47,53;47802,0,23,65281,10,11,35,16,5,13,18,51,45,43,27,51914,21;ws.tildacdn.com;0x0000aaaa,0x0000001d,0x00000017,0x00000018;0
178.248.236.28;10.0.2.16;443;36804;2;0x00000303;4865;43,51;;;
10.0.2.16;151.236.71.44;55710;443;1;0x00000303;43690,4865,4866,4867,49195,49199,49196,49200,52393,52392,49171,49172,156,157,47,53;27242,0,23,65281,10,11,35,16,5,13,18,51,45,43,27,60138,21;static.tildacdn.com;0x00008a8a,0x0000001d,0x00000017,0x00000018;0
10.0.2.16;151.236.71.44;55708;443;1;0x00000303;27242,4865,4866,4867,49195,49199,49196,49200,52393,52392,49171,49172,156,157,47,53;27242,0,23,65281,10,11,35,16,5,13,18,51,45,43,27,47802,21;static.tildacdn.com;0x00005a5a,0x0000001d,0x00000017,0x00000018;0
151.236.71.44;10.0.2.16;443;55710;2;0x00000303;4866;43,51;;;
151.236.71.44;10.0.2.16;443;55708;2;0x00000303;4866;43,51;;;
10.0.2.16;151.236.71.44;55712;443;1;0x00000303;27242,4865,4866,4867,49195,49199,49196,49200,52393,52392,49171,49172,156,157,47,53;6682,0,23,65281,10,11,35,16,5,13,18,51,45,43,27,27242,21;static.tildacdn.com;0x00007a7a,0x0000001d,0x00000017,0x00000018;0
151.236.71.44;10.0.2.16;443;55712;2;0x00000303;4866;43,51;;;
10.0.2.16;185.129.100.115;46102;443;1;0x00000303;31354,4865,4866,4867,49195,49199,49196,49200,52393,52392,49171,49172,156,157,47,53;39578,0,23,65281,10,11,35,16,5,13,18,51,45,43,27,2570,21;stat.tildacdn.com;0x0000baba,0x0000001d,0x00000017,0x00000018;0
185.129.100.115;10.0.2.16;443;46102;2;0x00000303;4865;43,51;;;
10.0.2.16;159.69.198.243;32972;443;1;0x00000303;49195,49196,52393,49199,49200,52392,49171,49172,156,157,47,53;0,23,65281,10,11,5,13;windyapp.co;0x0000001d,0x00000017,0x00000018;0
159.69.198.243;10.0.2.16;443;32972;2;0x00000303;49199;0,65281;;;
10.0.2.16;159.69.183.34;45958;443;1;0x00000303;49195,49196,52393,49199,49200,52392,49171,49172,156,157,47,53;0,23,65281,10,11,5,13;windyapp.co;0x0000001d,0x00000017,0x00000018;0
159.69.183.34;10.0.2.16;443;45958;2;0x00000303;49199;0,65281,11;;;0
10.0.2.16;185.129.100.115;46108;443;1;0x00000303;43690,4865,4866,4867,49195,49199,49196,49200,52393,52392,49171,49172,156,157,47,53;14906,0,23,65281,10,11,35,16,5,13,18,51,45,43,27,64250,21;stat.tildacdn.com;0x00006a6a,0x0000001d,0x00000017,0x00000018;0
185.129.100.115;10.0.2.16;443;46108;2;0x00000303;4865;43,51;;;
10.0.2.16;216.58.201.74;48224;443;1;0x00000303;49195,49196,52393,49199,49200,52392,49161,49162,49171,49172,156,157,47,53;0,23,65281,10,11,35,16,5,13,21;firebaselogging-pa.googleapis.com;0x0000001d,0x00000017,0x00000018;0
216.58.201.74;10.0.2.16;443;48224;2;0x00000303;49195;23,65281,11,16;;;0
10.0.2.16;159.69.198.243;32980;443;1;0x00000303;49195,49196,52393,49199,49200,52392,49171,49172,156,157,47,53;0,23,65281,10,11,5,13;windyapp.co;0x0000001d,0x00000017,0x00000018;0
159.69.198.243;10.0.2.16;443;32980;2;0x00000303;49199;0,65281;;;
10.0.2.16;99.86.242.93;53084;443;1;0x00000303;49195,49196,52393,49199,49200,52392,49161,49162,49171,49172,156,157,47,53;0,23,65281,10,11,35,16,5,13,21;inapps.appsflyer.com;0x0000001d,0x00000017,0x00000018;0
99.86.242.93;10.0.2.16;443;53084;2;0x00000303;49199;11,65281,16,5;;;0
10.0.2.16;216.58.221.195;56264;443;1;0x00000303;49195,49196,52393,49199,49200,52392,49161,49162,49171,49172,156,157,47,53;0,23,65281,10,11,35,16,5,13,21;csi.gstatic.com;0x0000001d,0x00000017,0x00000018;0
216.58.221.195;10.0.2.16;443;56264;2;0x00000303;49195;23,65281,11,16;;;0
10.0.2.16;159.69.183.34;45970;443;1;0x00000303;49195,49196,52393,49199,49200,52392,49171,49172,156,157,47,53;0,23,65281,10,11,5,13;windyapp.co;0x0000001d,0x00000017,0x00000018;0
159.69.183.34;10.0.2.16;443;45970;2;0x00000303;49199;0,65281,11;;;0
10.0.2.16;13.107.42.14;39072;443;1;0x00000303;64250,4865,4866,4867,49195,49199,49196,49200,52393,52392,49171,49172,156,157,47,53;2570,0,23,65281,10,11,35,16,5,13,18,51,45,43,27,39578;www.linkedin.com;0x00005a5a,0x0000001d,0x00000017,0x00000018;0
13.107.42.14;10.0.2.16;443;39072;2,11,22,12,14;0x00000303;49200;5,35,16,23,65281;;;
10.0.2.16;31.13.84.8;36898;443;1;0x00000303;49195,49196,52393,49199,49200,52392,49161,49162,49171,49172,156,157,47,53;0,23,65281,10,11,35,16,5,13,21;graph.facebook.com;0x0000001d,0x00000017,0x00000018;0
31.13.84.8;10.0.2.16;443;36898;2;0x00000303;49195;65281,16,23;;;
10.0.2.16;216.58.201.74;48238;443;1;0x00000303;49195,49196,52393,49199,49200,52392,49161,49162,49171,49172,156,157,47,53;0,23,65281,10,11,35,16,5,13,21;firebaselogging-pa.googleapis.com;0x0000001d,0x00000017,0x00000018;0
216.58.201.74;10.0.2.16;443;48238;2;0x00000303;49195;23,65281,11,16;;;0
10.0.2.16;31.13.84.8;36904;443;1;0x00000303;4865,4866,4867,49195,49196,52393,49199,49200,52392,49161,49162,49171,49172,156,157,47,53;0,23,65281,10,11,35,16,5,13,51,45,43,21;graph.facebook.com;0x0000001d,0x00000017,0x00000018;0
10.0.2.16;31.13.84.8;36902;443;1;0x00000303;4865,4866,4867,49195,49196,52393,49199,49200,52392,49161,49162,49171,49172,156,157,47,53;0,23,65281,10,11,35,16,5,13,51,45,43,21;graph.facebook.com;0x0000001d,0x00000017,0x00000018;0
31.13.84.8;10.0.2.16;443;36904;2;0x00000303;4865;43,51;;;
31.13.84.8;10.0.2.16;443;36902;2;0x00000303;4865;43,51;;;
10.0.2.16;31.13.84.8;36910;443;1;0x00000303;49195,49196,52393,49199,49200,52392,49161,49162,49171,49172,156,157,47,53;0,23,65281,10,11,35,16,5,13;graph.facebook.com;0x0000001d,0x00000017,0x00000018;0
10.0.2.16;159.69.183.34;45984;443;1;0x00000303;49195,49196,52393,49199,49200,52392,49171,49172,156,157,47,53;0,23,65281,10,11,5,13;windyapp.co;0x0000001d,0x00000017,0x00000018;0
10.0.2.16;159.69.183.34;45982;443;1;0x00000303;49195,49196,52393,49199,49200,52392,49171,49172,156,157,47,53;0,23,65281,10,11,5,13;windyapp.co;0x0000001d,0x00000017,0x00000018;0
31.13.84.8;10.0.2.16;443;36910;2;0x00000303;49195;65281,0,11,35,16,23;;;0,1,2
159.69.183.34;10.0.2.16;443;45982;2;0x00000303;49199;0,65281,11;;;0
159.69.183.34;10.0.2.16;443;45984;2;0x00000303;49199;0,65281,11;;;0
10.0.2.16;159.69.183.34;45988;443;1;0x00000303;49195,49196,52393,49199,49200,52392,49171,49172,156,157,47,53;0,23,65281,10,11,5,13;windyapp.co;0x0000001d,0x00000017,0x00000018;0
10.0.2.16;159.69.183.34;45992;443;1;0x00000303;49195,49196,52393,49199,49200,52392,49171,49172,156,157,47,53;0,23,65281,10,11,5,13;windyapp.co;0x0000001d,0x00000017,0x00000018;0
10.0.2.16;159.69.183.34;45990;443;1;0x00000303;49195,49196,52393,49199,49200,52392,49171,49172,156,157,47,53;0,23,65281,10,11,5,13;windyapp.co;0x0000001d,0x00000017,0x00000018;0
159.69.183.34;10.0.2.16;443;45988;2;0x00000303;49199;0,65281,11;;;0
159.69.183.34;10.0.2.16;443;45992;2;0x00000303;49199;0,65281,11;;;0
159.69.183.34;10.0.2.16;443;45990;2;0x00000303;49199;0,65281,11;;;0
10.0.2.16;159.69.183.34;45994;443;1;0x00000303;49195,49196,52393,49199,49200,52392,49171,49172,156,157,47,53;0,23,65281,10,11,5,13;windyapp.co;0x0000001d,0x00000017,0x00000018;0
159.69.183.34;10.0.2.16;443;45994;2;0x00000303;49199;0,65281,11;;;0
10.0.2.16;159.69.183.34;45996;443;1;0x00000303;49195,49196,52393,49199,49200,52392,49171,49172,156,157,47,53;0,23,65281,10,11,5,13;windyapp.co;0x0000001d,0x00000017,0x00000018;0
159.69.183.34;10.0.2.16;443;45996;2;0x00000303;49199;0,65281,11;;;0
10.0.2.16;159.69.183.34;45998;443;1;0x00000303;49195,49196,52393,49199,49200,52392,49171,49172,156,157,47,53;0,23,65281,10,11,5,13;windyapp.co;0x0000001d,0x00000017,0x00000018;0
10.0.2.16;104.18.225.52;56384;443;1;0x00000303;49195,49196,52393,49199,49200,52392,49161,49162,49171,49172,156,157,47,53;0,23,65281,10,11,35,16,5,13;api.onesignal.com;0x0000001d,0x00000017,0x00000018;0
159.69.183.34;10.0.2.16;443;45998;2;0x00000303;49199;0,65281;;;
104.18.225.52;10.0.2.16;443;56384;2;0x00000303;49195;0,23,65281,11,35,16,5;;;0
10.0.2.16;159.69.183.34;46002;443;1;0x00000303;49195,49196,52393,49199,49200,52392,49171,49172,156,157,47,53;0,23,65281,10,11,5,13;windyapp.co;0x0000001d,0x00000017,0x00000018;0
159.69.183.34;10.0.2.16;443;46002;2;0x00000303;49199;0,65281;;;
10.0.2.16;99.86.242.67;45256;443;1;0x00000303;49195,49196,52393,49199,49200,52392,49161,49162,49171,49172,156,157,47,53;0,23,65281,10,11,35,16,5,13;api2.branch.io;0x0000001d,0x00000017,0x00000018;0
99.86.242.67;10.0.2.16;443;45256;2;0x00000303;49199;0,11,65281,16,5,35;;;0
10.0.2.16;159.69.183.34;46006;443;1;0x00000303;49195,49196,52393,49199,49200,52392,49171,49172,156,157,47,53;0,23,65281,10,11,5,13;windyapp.co;0x0000001d,0x00000017,0x00000018;0
10.0.2.16;159.69.183.34;46008;443;1;0x00000303;49195,49196,52393,49199,49200,52392,49171,49172,156,157,47,53;0,23,65281,10,11,5,13;windyapp.co;0x0000001d,0x00000017,0x00000018;0
10.0.2.16;159.69.183.34;46010;443;1;0x00000303;49195,49196,52393,49199,49200,52392,49171,49172,156,157,47,53;0,23,65281,10,11,5,13;windyapp.co;0x0000001d,0x00000017,0x00000018;0
10.0.2.16;159.69.183.34;46014;443;1;0x00000303;49195,49196,52393,49199,49200,52392,49171,49172,156,157,47,53;0,23,65281,10,11,5,13;windyapp.co;0x0000001d,0x00000017,0x00000018;0
159.69.183.34;10.0.2.16;443;46008;2;0x00000303;49199;0,65281;;;
159.69.183.34;10.0.2.16;443;46006;2;0x00000303;49199;0,65281;;;
10.0.2.16;159.69.183.34;46012;443;1;0x00000303;49195,49196,52393,49199,49200,52392,49171,49172,156,157,47,53;0,23,65281,10,11,5,13;windyapp.co;0x0000001d,0x00000017,0x00000018;0
159.69.183.34;10.0.2.16;443;46010;2;0x00000303;49199;0,65281;;;
159.69.183.34;10.0.2.16;443;46014;2;0x00000303;49199;0,65281,11;;;0
159.69.183.34;10.0.2.16;443;46012;2;0x00000303;49199;0,65281,11;;;0
10.0.2.16;159.69.183.34;46016;443;1;0x00000303;49195,49196,52393,49199,49200,52392,49171,49172,156,157,47,53;0,23,65281,10,11,5,13;windyapp.co;0x0000001d,0x00000017,0x00000018;0
10.0.2.16;99.86.242.35;44874;443;1;0x00000303;49195,49196,52393,49199,49200,52392,49161,49162,49171,49172,156,157,47,53;0,23,65281,10,11,35,16,5,13;cdn.branch.io;0x0000001d,0x00000017,0x00000018;0
159.69.183.34;10.0.2.16;443;46016;2;0x00000303;49199;0,65281;;;
99.86.242.35;10.0.2.16;443;44874;2;0x00000303;49199;0,11,65281,5,35;;;0
10.0.2.16;99.86.242.109;48958;443;1;0x00000303;49195,49196,52393,49199,49200,52392,49161,49162,49171,49172,156,157,47,53;0,23,65281,10,11,35,16,5,13;launches.appsflyer.com;0x0000001d,0x00000017,0x00000018;0
99.86.242.109;10.0.2.16;443;48958;2;0x00000303;49199;0,11,65281,16,5,35;;;0
10.0.2.16;216.58.201.78;39792;443;1;0x00000303;49195,49196,52393,49199,49200,52392,49161,49162,49171,49172,156,157,47,53;0,23,65281,10,11,35,16,5,13;clients4.google.com;0x0000001d,0x00000017,0x00000018;0
216.58.201.78;10.0.2.16;443;39792;2;0x00000303;49195;23,65281,11,35,16;;;0
10.0.2.16;216.58.201.67;39996;443;1;0x00000303;49195,49196,52393,49199,49200,52392,49161,49162,49171,49172,156,157,47,53;0,23,65281,10,11,35,16,5,13;crashlyticsreports-pa.googleapis.com;0x0000001d,0x00000017,0x00000018;0
10.0.2.16;216.58.201.78;39796;443;1;0x00000303;49195,49196,52393,49199,49200,52392,49161,49162,49171,49172,156,157,47,53;0,23,65281,10,11,35,16,5,13,21;clients4.google.com;0x0000001d,0x00000017,0x00000018;0
216.58.201.67;10.0.2.16;443;39996;2;0x00000303;49195;23,65281,11,35,16;;;0
216.58.201.78;10.0.2.16;443;39796;2;0x00000303;49195;23,65281,11,16;;;0
10.0.2.16;159.69.183.34;46028;443;1;0x00000303;49195,49196,52393,49199,49200,52392,49171,49172,156,157,47,53;0,23,65281,10,11,5,13;windyapp.co;0x0000001d,0x00000017,0x00000018;0
159.69.183.34;10.0.2.16;443;46028;2;0x00000303;49199;0,65281;;;
10.0.2.16;216.58.221.195;56326;443;1;0x00000303;49195,49196,52393,49199,49200,52392,49161,49162,49171,49172,156,157,47,53;0,23,65281,10,11,35,16,5,13;csi.gstatic.com;0x0000001d,0x00000017,0x00000018;0
216.58.221.195;10.0.2.16;443;56326;2;0x00000303;49195;23,65281,11,35,16;;;0
10.0.2.16;104.18.226.52;43758;443;1;0x00000303;49195,49196,52393,49199,49200,52392,49161,49162,49171,49172,156,157,47,53;0,23,65281,10,11,35,16,5,13,21;api.onesignal.com;0x0000001d,0x00000017,0x00000018;0
104.18.226.52;10.0.2.16;443;43758;2;0x00000303;49195;23,65281,11,16;;;0
10.0.2.16;31.13.84.8;36958;443;1;0x00000303;49195,49196,52393,49199,49200,52392,49161,49162,49171,49172,156,157,47,53;0,23,65281,10,11,35,16,5,13,21;graph.facebook.com;0x0000001d,0x00000017,0x00000018;0
31.13.84.8;10.0.2.16;443;36958;2;0x00000303;49195;65281,16,23;;;
10.0.2.16;216.58.201.74;48298;443;1;0x00000303;49195,49196,52393,49199,49200,52392,49161,49162,49171,49172,156,157,47,53;0,23,65281,10,11,35,16,5,13;firebaselogging-pa.googleapis.com;0x0000001d,0x00000017,0x00000018;0
216.58.201.74;10.0.2.16;443;48298;2;0x00000303;49195;23,65281,11,35,16;;;0
10.0.2.16;34.223.194.115;51726;443;1;0x00000303;49195,49196,52393,49199,49200,52392,49171,49172,156,157,47,53;0,23,65281,10,11,5,13;api2.amplitude.com;0x0000001d,0x00000017,0x00000018;0
34.223.194.115;10.0.2.16;443;51726;2;0x00000303;49199;65281,11;;;0,1,2
10.0.2.16;99.86.242.7;52120;443;1;0x00000303;49195,49196,52393,49199,49200,52392,49161,49162,49171,49172,156,157,47,53;0,23,65281,10,11,35,16,5,13,21;api2.branch.io;0x0000001d,0x00000017,0x00000018;0
99.86.242.7;10.0.2.16;443;52120;2;0x00000303;49199;11,65281,16,5;;;0
10.0.2.16;216.58.201.78;39812;443;1;0x00000303;49195,49196,52393,49199,49200,52392,49161,49162,49171,49172,156,157,47,53;0,23,65281,10,11,35,16,5,13,21;clients4.google.com;0x0000001d,0x00000017,0x00000018;0
10.0.2.16;216.58.201.78;39814;443;1;0x00000303;49195,49196,52393,49199,49200,52392,49161,49162,49171,49172,156,157,47,53;0,23,65281,10,11,35,16,5,13,21;clients4.google.com;0x0000001d,0x00000017,0x00000018;0
216.58.201.78;10.0.2.16;443;39812;2;0x00000303;49195;23,65281,11,16;;;0
216.58.201.78;10.0.2.16;443;39814;2;0x00000303;49195;23,65281,11,16;;;0
10.0.2.16;159.69.183.34;46048;443;1;0x00000303;49195,49196,52393,49199,49200,52392,49171,49172,156,157,47,53;0,23,65281,10,11,5,13;windyapp.co;0x0000001d,0x00000017,0x00000018;0
10.0.2.16;104.26.12.129;51928;443;1;0x00000303;49195,49196,52393,49199,49200,52392,49171,49172,156,157,47,53;0,23,65281,10,11,5,13;spec-offers.windyapp.co;0x0000001d,0x00000017,0x00000018;0
159.69.183.34;10.0.2.16;443;46048;2;0x00000303;49199;0,65281,11;;;0
104.26.12.129;10.0.2.16;443;51928;2;0x00000303;49195;0,23,65281,11,5;;;0
10.0.2.16;159.69.183.34;46050;443;1;0x00000303;49195,49196,52393,49199,49200,52392,49171,49172,156,157,47,53;0,23,65281,10,11,5,13;windyapp.co;0x0000001d,0x00000017,0x00000018;0
159.69.183.34;10.0.2.16;443;46050;2;0x00000303;49199;0,65281;;;
10.0.2.16;159.69.183.34;46052;443;1;0x00000303;49195,49196,52393,49199,49200,52392,49171,49172,156,157,47,53;0,23,65281,10,11,5,13;windyapp.co;0x0000001d,0x00000017,0x00000018;0
10.0.2.16;159.69.183.34;46054;443;1;0x00000303;49195,49196,52393,49199,49200,52392,49171,49172,156,157,47,53;0,23,65281,10,11,5,13;windyapp.co;0x0000001d,0x00000017,0x00000018;0
159.69.183.34;10.0.2.16;443;46054;2;0x00000303;49199;0,65281;;;
159.69.183.34;10.0.2.16;443;46052;2;0x00000303;49199;0,65281;;;
10.0.2.16;159.69.183.34;46056;443;1;0x00000303;49195,49196,52393,49199,49200,52392,49171,49172,156,157,47,53;0,23,65281,10,11,5,13;windyapp.co;0x0000001d,0x00000017,0x00000018;0
159.69.183.34;10.0.2.16;443;46056;2;0x00000303;49199;0,65281;;;
10.0.2.16;31.13.84.8;36982;443;1;0x00000303;4865,4866,4867,49195,49196,52393,49199,49200,52392,49161,49162,49171,49172,156,157,47,53;0,23,65281,10,11,35,16,5,13,51,45,43,21;graph.facebook.com;0x0000001d,0x00000017,0x00000018;0
10.0.2.16;31.13.84.8;36984;443;1;0x00000303;4865,4866,4867,49195,49196,52393,49199,49200,52392,49161,49162,49171,49172,156,157,47,53;0,23,65281,10,11,35,16,5,13,51,45,43,21;graph.facebook.com;0x0000001d,0x00000017,0x00000018;0
31.13.84.8;10.0.2.16;443;36982;2;0x00000303;4865;43,51;;;
31.13.84.8;10.0.2.16;443;36984;2;0x00000303;4865;43,51;;;
10.0.2.16;31.13.84.8;36986;443;1;0x00000303;49195,49196,52393,49199,49200,52392,49161,49162,49171,49172,156,157,47,53;0,23,65281,10,11,35,16,5,13;graph.facebook.com;0x0000001d,0x00000017,0x00000018;0
31.13.84.8;10.0.2.16;443;36986;2;0x00000303;49195;65281,0,11,35,16,23;;;0,1,2
10.0.2.16;159.69.183.34;46066;443;1;0x00000303;49195,49196,52393,49199,49200,52392,49171,49172,156,157,47,53;0,23,65281,10,11,5,13;windyapp.co;0x0000001d,0x00000017,0x00000018;0
10.0.2.16;159.69.183.34;46064;443;1;0x00000303;49195,49196,52393,49199,49200,52392,49171,49172,156,157,47,53;0,23,65281,10,11,5,13;windyapp.co;0x0000001d,0x00000017,0x00000018;0
159.69.183.34;10.0.2.16;443;46066;2;0x00000303;49199;0,65281,11;;;0
159.69.183.34;10.0.2.16;443;46064;2;0x00000303;49199;0,65281,11;;;0
10.0.2.16;159.69.183.34;46068;443;1;0x00000303;49195,49196,52393,49199,49200,52392,49171,49172,156,157,47,53;0,23,65281,10,11,5,13;windyapp.co;0x0000001d,0x00000017,0x00000018;0
10.0.2.16;159.69.183.34;46070;443;1;0x00000303;49195,49196,52393,49199,49200,52392,49171,49172,156,157,47,53;0,23,65281,10,11,5,13;windyapp.co;0x0000001d,0x00000017,0x00000018;0
10.0.2.16;159.69.183.34;46072;443;1;0x00000303;49195,49196,52393,49199,49200,52392,49171,49172,156,157,47,53;0,23,65281,10,11,5,13;windyapp.co;0x0000001d,0x00000017,0x00000018;0
159.69.183.34;10.0.2.16;443;46068;2;0x00000303;49199;0,65281,11;;;0
159.69.183.34;10.0.2.16;443;46070;2;0x00000303;49199;0,65281,11;;;0
10.0.2.16;159.69.183.34;46074;443;1;0x00000303;49195,49196,52393,49199,49200,52392,49171,49172,156,157,47,53;0,23,65281,10,11,5,13;windyapp.co;0x0000001d,0x00000017,0x00000018;0
159.69.183.34;10.0.2.16;443;46072;2;0x00000303;49199;0,65281,11;;;0
159.69.183.34;10.0.2.16;443;46074;2;0x00000303;49199;0,65281,11;;;0
10.0.2.16;104.18.226.52;43802;443;1;0x00000303;49195,49196,52393,49199,49200,52392,49161,49162,49171,49172,156,157,47,53;0,23,65281,10,11,35,16,5,13;api.onesignal.com;0x0000001d,0x00000017,0x00000018;0
10.0.2.16;159.69.183.34;46078;443;1;0x00000303;49195,49196,52393,49199,49200,52392,49171,49172,156,157,47,53;0,23,65281,10,11,5,13;windyapp.co;0x0000001d,0x00000017,0x00000018;0
10.0.2.16;159.69.183.34;46080;443;1;0x00000303;49195,49196,52393,49199,49200,52392,49171,49172,156,157,47,53;0,23,65281,10,11,5,13;windyapp.co;0x0000001d,0x00000017,0x00000018;0
104.18.226.52;10.0.2.16;443;43802;2;0x00000303;49195;0,23,65281,11,35,16,5;;;0
159.69.183.34;10.0.2.16;443;46078;2;0x00000303;49199;0,65281;;;
10.0.2.16;159.69.183.34;46082;443;1;0x00000303;49195,49196,52393,49199,49200,52392,49171,49172,156,157,47,53;0,23,65281,10,11,5,13;windyapp.co;0x0000001d,0x00000017,0x00000018;0
159.69.183.34;10.0.2.16;443;46080;2;0x00000303;49199;0,65281,11;;;0
159.69.183.34;10.0.2.16;443;46082;2;0x00000303;49199;0,65281,11;;;0
10.0.2.16;159.69.183.34;46084;443;1;0x00000303;49195,49196,52393,49199,49200,52392,49171,49172,156,157,47,53;0,23,65281,10,11,5,13;windyapp.co;0x0000001d,0x00000017,0x00000018;0
159.69.183.34;10.0.2.16;443;46084;2;0x00000303;49199;0,65281,11;;;0
10.0.2.16;99.86.242.67;45338;443;1;0x00000303;49195,49196,52393,49199,49200,52392,49161,49162,49171,49172,156,157,47,53;0,23,65281,10,11,35,16,5,13;api2.branch.io;0x0000001d,0x00000017,0x00000018;0
99.86.242.67;10.0.2.16;443;45338;2;0x00000303;49199;0,11,65281,16,5,35;;;0
10.0.2.16;99.86.242.44;33166;443;1;0x00000303;49195,49196,52393,49199,49200,52392,49161,49162,49171,49172,156,157,47,53;0,23,65281,10,11,35,16,5,13;launches.appsflyer.com;0x0000001d,0x00000017,0x00000018;0
99.86.242.44;10.0.2.16;443;33166;2;0x00000303;49199;0,11,65281,16,5,35;;;0
10.0.2.16;159.69.183.34;46090;443;1;0x00000303;49195,49196,52393,49199,49200,52392,49171,49172,156,157,47,53;0,23,65281,10,11,5,13;windyapp.co;0x0000001d,0x00000017,0x00000018;0
10.0.2.16;159.69.183.34;46092;443;1;0x00000303;49195,49196,52393,49199,49200,52392,49171,49172,156,157,47,53;0,23,65281,10,11,5,13;windyapp.co;0x0000001d,0x00000017,0x00000018;0
10.0.2.16;159.69.183.34;46094;443;1;0x00000303;49195,49196,52393,49199,49200,52392,49171,49172,156,157,47,53;0,23,65281,10,11,5,13;windyapp.co;0x0000001d,0x00000017,0x00000018;0
159.69.183.34;10.0.2.16;443;46090;2;0x00000303;49199;0,65281;;;
159.69.183.34;10.0.2.16;443;46092;2;0x00000303;49199;0,65281;;;
159.69.183.34;10.0.2.16;443;46094;2;0x00000303;49199;0,65281;;;
10.0.2.16;99.86.242.35;44952;443;1;0x00000303;49195,49196,52393,49199,49200,52392,49161,49162,49171,49172,156,157,47,53;0,23,65281,10,11,35,16,5,13;cdn.branch.io;0x0000001d,0x00000017,0x00000018;0
99.86.242.35;10.0.2.16;443;44952;2;0x00000303;49199;0,11,65281,5,35;;;0
10.0.2.16;216.58.201.78;39868;443;1;0x00000303;49195,49196,52393,49199,49200,52392,49161,49162,49171,49172,156,157,47,53;0,23,65281,10,11,35,16,5,13;clients4.google.com;0x0000001d,0x00000017,0x00000018;0
216.58.201.78;10.0.2.16;443;39868;2;0x00000303;49195;23,65281,11,35,16;;;0
10.0.2.16;216.58.201.67;40072;443;1;0x00000303;49195,49196,52393,49199,49200,52392,49161,49162,49171,49172,156,157,47,53;0,23,65281,10,11,35,16,5,13;crashlyticsreports-pa.googleapis.com;0x0000001d,0x00000017,0x00000018;0
216.58.201.67;10.0.2.16;443;40072;2;0x00000303;49195;23,65281,11,35,16;;;0
10.0.2.16;172.217.173.67;56028;443;1;0x00000303;49195,49196,52393,49199,49200,52392,49161,49162,49171,49172,156,157,47,53;0,23,65281,10,11,35,16,5,13;csi.gstatic.com;0x0000001d,0x00000017,0x00000018;0
172.217.173.67;10.0.2.16;443;56028;2;0x00000303;49195;23,65281,11,35,16;;;0
10.0.2.16;104.18.226.52;43830;443;1;0x00000303;49195,49196,52393,49199,49200,52392,49161,49162,49171,49172,156,157,47,53;0,23,65281,10,11,35,16,5,13,21;api.onesignal.com;0x0000001d,0x00000017,0x00000018;0
104.18.226.52;10.0.2.16;443;43830;2;0x00000303;49195;23,65281,11,16;;;0
10.0.2.16;31.13.84.8;37030;443;1;0x00000303;49195,49196,52393,49199,49200,52392,49161,49162,49171,49172,156,157,47,53;0,23,65281,10,11,35,16,5,13,21;graph.facebook.com;0x0000001d,0x00000017,0x00000018;0
31.13.84.8;10.0.2.16;443;37030;2;0x00000303;49195;65281,16,23;;;
10.0.2.16;216.58.201.74;48370;443;1;0x00000303;49195,49196,52393,49199,49200,52392,49161,49162,49171,49172,156,157,47,53;0,23,65281,10,11,35,16,5,13;firebaselogging-pa.googleapis.com;0x0000001d,0x00000017,0x00000018;0
216.58.201.74;10.0.2.16;443;48370;2;0x00000303;49195;23,65281,11,35,16;;;0
10.0.2.16;52.37.126.242;36764;443;1;0x00000303;49195,49196,52393,49199,49200,52392,49171,49172,156,157,47,53;0,23,65281,10,11,5,13;api2.amplitude.com;0x0000001d,0x00000017,0x00000018;0
52.37.126.242;10.0.2.16;443;36764;2;0x00000303;49199;65281,11;;;0,1,2
10.0.2.16;195.201.84.103;53558;443;1;0x00000303;49195,49196,52393,49199,49200,52392,49171,49172,156,157,47,53;0,23,65281,10,11,5,13;chats.windyapp.co;0x0000001d,0x00000017,0x00000018;0
195.201.84.103;10.0.2.16;443;53558;2;0x00000303;52392;65281,0,11,23;;;0,1,2
10.0.2.16;31.13.84.8;37038;443;1;0x00000303;4865,4866,4867,49195,49196,52393,49199,49200,52392,49161,49162,49171,49172,156,157,47,53;0,23,65281,10,11,35,16,5,13,51,45,43,21;graph.facebook.com;0x0000001d,0x00000017,0x00000018;0
10.0.2.16;31.13.84.8;37040;443;1;0x00000303;4865,4866,4867,49195,49196,52393,49199,49200,52392,49161,49162,49171,49172,156,157,47,53;0,23,65281,10,11,35,16,5,13,51,45,43,21;graph.facebook.com;0x0000001d,0x00000017,0x00000018;0
31.13.84.8;10.0.2.16;443;37038;2;0x00000303;4865;43,51;;;
31.13.84.8;10.0.2.16;443;37040;2;0x00000303;4865;43,51;;;
10.0.2.16;31.13.84.8;37042;443;1;0x00000303;49195,49196,52393,49199,49200,52392,49161,49162,49171,49172,156,157,47,53;0,23,65281,10,11,35,16,5,13;graph.facebook.com;0x0000001d,0x00000017,0x00000018;0
10.0.2.16;159.69.183.34;46122;443;1;0x00000303;49195,49196,52393,49199,49200,52392,49171,49172,156,157,47,53;0,23,65281,10,11,5,13;windyapp.co;0x0000001d,0x00000017,0x00000018;0
10.0.2.16;159.69.183.34;46120;443;1;0x00000303;49195,49196,52393,49199,49200,52392,49171,49172,156,157,47,53;0,23,65281,10,11,5,13;windyapp.co;0x0000001d,0x00000017,0x00000018;0
31.13.84.8;10.0.2.16;443;37042;2;0x00000303;49195;65281,0,11,35,16,23;;;0,1,2
159.69.183.34;10.0.2.16;443;46122;2;0x00000303;49199;0,65281,11;;;0
159.69.183.34;10.0.2.16;443;46120;2;0x00000303;49199;0,65281,11;;;0
10.0.2.16;159.69.183.34;46124;443;1;0x00000303;49195,49196,52393,49199,49200,52392,49171,49172,156,157,47,53;0,23,65281,10,11,5,13;windyapp.co;0x0000001d,0x00000017,0x00000018;0
10.0.2.16;159.69.183.34;46126;443;1;0x00000303;49195,49196,52393,49199,49200,52392,49171,49172,156,157,47,53;0,23,65281,10,11,5,13;windyapp.co;0x0000001d,0x00000017,0x00000018;0
10.0.2.16;159.69.183.34;46128;443;1;0x00000303;49195,49196,52393,49199,49200,52392,49171,49172,156,157,47,53;0,23,65281,10,11,5,13;windyapp.co;0x0000001d,0x00000017,0x00000018;0
159.69.183.34;10.0.2.16;443;46124;2;0x00000303;49199;0,65281,11;;;0
159.69.183.34;10.0.2.16;443;46126;2;0x00000303;49199;0,65281,11;;;0
159.69.183.34;10.0.2.16;443;46128;2;0x00000303;49199;0,65281,11;;;0
10.0.2.16;159.69.183.34;46130;443;1;0x00000303;49195,49196,52393,49199,49200,52392,49171,49172,156,157,47,53;0,23,65281,10,11,5,13;windyapp.co;0x0000001d,0x00000017,0x00000018;0
159.69.183.34;10.0.2.16;443;46130;2;0x00000303;49199;0,65281,11;;;0
10.0.2.16;104.18.225.52;56516;443;1;0x00000303;49195,49196,52393,49199,49200,52392,49161,49162,49171,49172,156,157,47,53;0,23,65281,10,11,35,16,5,13;api.onesignal.com;0x0000001d,0x00000017,0x00000018;0
104.18.225.52;10.0.2.16;443;56516;2;0x00000303;49195;0,23,65281,11,35,16,5;;;0
10.0.2.16;159.69.183.34;46134;443;1;0x00000303;49195,49196,52393,49199,49200,52392,49171,49172,156,157,47,53;0,23,65281,10,11,5,13;windyapp.co;0x0000001d,0x00000017,0x00000018;0
159.69.183.34;10.0.2.16;443;46134;2;0x00000303;49199;0,65281,11;;;0
10.0.2.16;159.69.183.34;46136;443;1;0x00000303;49195,49196,52393,49199,49200,52392,49171,49172,156,157,47,53;0,23,65281,10,11,5,13;windyapp.co;0x0000001d,0x00000017,0x00000018;0
10.0.2.16;159.69.183.34;46138;443;1;0x00000303;49195,49196,52393,49199,49200,52392,49171,49172,156,157,47,53;0,23,65281,10,11,5,13;windyapp.co;0x0000001d,0x00000017,0x00000018;0
159.69.183.34;10.0.2.16;443;46136;2;0x00000303;49199;0,65281,11;;;0
159.69.183.34;10.0.2.16;443;46138;2;0x00000303;49199;0,65281,11;;;0
10.0.2.16;99.86.242.7;52220;443;1;0x00000303;49195,49196,52393,49199,49200,52392,49161,49162,49171,49172,156,157,47,53;0,23,65281,10,11,35,16,5,13;api2.branch.io;0x0000001d,0x00000017,0x00000018;0
99.86.242.7;10.0.2.16;443;52220;2;0x00000303;49199;0,11,65281,16,5,35;;;0
10.0.2.16;99.86.242.9;39562;443;1;0x00000303;49195,49196,52393,49199,49200,52392,49161,49162,49171,49172,156,157,47,53;0,23,65281,10,11,35,16,5,13;launches.appsflyer.com;0x0000001d,0x00000017,0x00000018;0
99.86.242.9;10.0.2.16;443;39562;2;0x00000303;49199;0,11,65281,16,5,35;;;0
10.0.2.16;159.69.183.34;46146;443;1;0x00000303;49195,49196,52393,49199,49200,52392,49171,49172,156,157,47,53;0,23,65281,10,11,5,13;windyapp.co;0x0000001d,0x00000017,0x00000018;0
10.0.2.16;159.69.183.34;46144;443;1;0x00000303;49195,49196,52393,49199,49200,52392,49171,49172,156,157,47,53;0,23,65281,10,11,5,13;windyapp.co;0x0000001d,0x00000017,0x00000018;0
10.0.2.16;159.69.183.34;46148;443;1;0x00000303;49195,49196,52393,49199,49200,52392,49171,49172,156,157,47,53;0,23,65281,10,11,5,13;windyapp.co;0x0000001d,0x00000017,0x00000018;0
159.69.183.34;10.0.2.16;443;46146;2;0x00000303;49199;0,65281;;;
159.69.183.34;10.0.2.16;443;46144;2;0x00000303;49199;0,65281;;;
159.69.183.34;10.0.2.16;443;46148;2;0x00000303;49199;0,65281;;;
10.0.2.16;99.86.242.15;49948;443;1;0x00000303;49195,49196,52393,49199,49200,52392,49161,49162,49171,49172,156,157,47,53;0,23,65281,10,11,35,16,5,13;cdn.branch.io;0x0000001d,0x00000017,0x00000018;0
99.86.242.15;10.0.2.16;443;49948;2;0x00000303;49199;0,11,65281,5,35;;;0
10.0.2.16;216.58.201.67;40124;443;1;0x00000303;49195,49196,52393,49199,49200,52392,49161,49162,49171,49172,156,157,47,53;0,23,65281,10,11,35,16,5,13;crashlyticsreports-pa.googleapis.com;0x0000001d,0x00000017,0x00000018;0
216.58.201.67;10.0.2.16;443;40124;2;0x00000303;49195;23,65281,11,35,16;;;0
10.0.2.16;216.58.201.78;39924;443;1;0x00000303;49195,49196,52393,49199,49200,52392,49161,49162,49171,49172,156,157,47,53;0,23,65281,10,11,35,16,5,13;clients4.google.com;0x0000001d,0x00000017,0x00000018;0
216.58.201.78;10.0.2.16;443;39924;2;0x00000303;49195;23,65281,11,35,16;;;0
10.0.2.16;172.217.173.67;56082;443;1;0x00000303;49195,49196,52393,49199,49200,52392,49161,49162,49171,49172,156,157,47,53;0,23,65281,10,11,35,16,5,13;csi.gstatic.com;0x0000001d,0x00000017,0x00000018;0
172.217.173.67;10.0.2.16;443;56082;2;0x00000303;49195;23,65281,11,35,16;;;0
10.0.2.16;104.18.225.52;56542;443;1;0x00000303;49195,49196,52393,49199,49200,52392,49161,49162,49171,49172,156,157,47,53;0,23,65281,10,11,35,16,5,13,21;api.onesignal.com;0x0000001d,0x00000017,0x00000018;0
104.18.225.52;10.0.2.16;443;56542;2;0x00000303;49195;23,65281,11,16;;;0
10.0.2.16;216.58.201.74;48422;443;1;0x00000303;49195,49196,52393,49199,49200,52392,49161,49162,49171,49172,156,157,47,53;0,23,65281,10,11,35,16,5,13;firebaselogging-pa.googleapis.com;0x0000001d,0x00000017,0x00000018;0
216.58.201.74;10.0.2.16;443;48422;2;0x00000303;49195;23,65281,11,35,16;;;0
10.0.2.16;31.13.84.8;37086;443;1;0x00000303;49195,49196,52393,49199,49200,52392,49161,49162,49171,49172,156,157,47,53;0,23,65281,10,11,35,16,5,13,21;graph.facebook.com;0x0000001d,0x00000017,0x00000018;0
31.13.84.8;10.0.2.16;443;37086;2;0x00000303;49195;65281,16,23;;;
10.0.2.16;99.86.242.7;52244;443;1;0x00000303;49195,49196,52393,49199,49200,52392,49161,49162,49171,49172,156,157,47,53;0,23,65281,10,11,35,16,5,13,21;api2.branch.io;0x0000001d,0x00000017,0x00000018;0
99.86.242.7;10.0.2.16;443;52244;2;0x00000303;49199;11,65281,16,5;;;0
10.0.2.16;34.218.96.104;49382;443;1;0x00000303;49195,49196,52393,49199,49200,52392,49171,49172,156,157,47,53;0,23,65281,10,11,5,13;api2.amplitude.com;0x0000001d,0x00000017,0x00000018;0
34.218.96.104;10.0.2.16;443;49382;2;0x00000303;49199;65281,11;;;0,1,2
10.0.2.16;31.13.84.8;37092;443;1;0x00000303;4865,4866,4867,49195,49196,52393,49199,49200,52392,49161,49162,49171,49172,156,157,47,53;0,23,65281,10,11,35,16,5,13,51,45,43,21;graph.facebook.com;0x0000001d,0x00000017,0x00000018;0
10.0.2.16;31.13.84.8;37094;443;1;0x00000303;4865,4866,4867,49195,49196,52393,49199,49200,52392,49161,49162,49171,49172,156,157,47,53;0,23,65281,10,11,35,16,5,13,51,45,43,21;graph.facebook.com;0x0000001d,0x00000017,0x00000018;0
31.13.84.8;10.0.2.16;443;37092;2;0x00000303;4865;43,51;;;
31.13.84.8;10.0.2.16;443;37094;2;0x00000303;4865;43,51;;;
10.0.2.16;31.13.84.8;37096;443;1;0x00000303;49195,49196,52393,49199,49200,52392,49161,49162,49171,49172,156,157,47,53;0,23,65281,10,11,35,16,5,13;graph.facebook.com;0x0000001d,0x00000017,0x00000018;0
31.13.84.8;10.0.2.16;443;37096;2;0x00000303;49195;65281,0,11,35,16,23;;;0,1,2
10.0.2.16;159.69.183.34;46174;443;1;0x00000303;49195,49196,52393,49199,49200,52392,49171,49172,156,157,47,53;0,23,65281,10,11,5,13;windyapp.co;0x0000001d,0x00000017,0x00000018;0
10.0.2.16;159.69.183.34;46176;443;1;0x00000303;49195,49196,52393,49199,49200,52392,49171,49172,156,157,47,53;0,23,65281,10,11,5,13;windyapp.co;0x0000001d,0x00000017,0x00000018;0
159.69.183.34;10.0.2.16;443;46174;2;0x00000303;49199;0,65281,11;;;0
159.69.183.34;10.0.2.16;443;46176;2;0x00000303;49199;0,65281,11;;;0
10.0.2.16;159.69.183.34;46180;443;1;0x00000303;49195,49196,52393,49199,49200,52392,49171,49172,156,157,47,53;0,23,65281,10,11,5,13;windyapp.co;0x0000001d,0x00000017,0x00000018;0
10.0.2.16;159.69.183.34;46178;443;1;0x00000303;49195,49196,52393,49199,49200,52392,49171,49172,156,157,47,53;0,23,65281,10,11,5,13;windyapp.co;0x0000001d,0x00000017,0x00000018;0
10.0.2.16;159.69.183.34;46182;443;1;0x00000303;49195,49196,52393,49199,49200,52392,49171,49172,156,157,47,53;0,23,65281,10,11,5,13;windyapp.co;0x0000001d,0x00000017,0x00000018;0
159.69.183.34;10.0.2.16;443;46180;2;0x00000303;49199;0,65281,11;;;0
159.69.183.34;10.0.2.16;443;46182;2;0x00000303;49199;0,65281,11;;;0
159.69.183.34;10.0.2.16;443;46178;2;0x00000303;49199;0,65281,11;;;0
10.0.2.16;159.69.183.34;46184;443;1;0x00000303;49195,49196,52393,49199,49200,52392,49171,49172,156,157,47,53;0,23,65281,10,11,5,13;windyapp.co;0x0000001d,0x00000017,0x00000018;0
159.69.183.34;10.0.2.16;443;46184;2;0x00000303;49199;0,65281,11;;;0
10.0.2.16;104.18.225.52;56570;443;1;0x00000303;49195,49196,52393,49199,49200,52392,49161,49162,49171,49172,156,157,47,53;0,23,65281,10,11,35,16,5,13;api.onesignal.com;0x0000001d,0x00000017,0x00000018;0
104.18.225.52;10.0.2.16;443;56570;2;0x00000303;49195;0,23,65281,11,35,16,5;;;0
10.0.2.16;159.69.183.34;46188;443;1;0x00000303;49195,49196,52393,49199,49200,52392,49171,49172,156,157,47,53;0,23,65281,10,11,5,13;windyapp.co;0x0000001d,0x00000017,0x00000018;0
159.69.183.34;10.0.2.16;443;46188;2;0x00000303;49199;0,65281,11;;;0
10.0.2.16;159.69.183.34;46192;443;1;0x00000303;49195,49196,52393,49199,49200,52392,49171,49172,156,157,47,53;0,23,65281,10,11,5,13;windyapp.co;0x0000001d,0x00000017,0x00000018;0
10.0.2.16;159.69.183.34;46190;443;1;0x00000303;49195,49196,52393,49199,49200,52392,49171,49172,156,157,47,53;0,23,65281,10,11,5,13;windyapp.co;0x0000001d,0x00000017,0x00000018;0
159.69.183.34;10.0.2.16;443;46192;2;0x00000303;49199;0,65281,11;;;0
159.69.183.34;10.0.2.16;443;46190;2;0x00000303;49199;0,65281,11;;;0
10.0.2.16;99.86.242.67;45446;443;1;0x00000303;49195,49196,52393,49199,49200,52392,49161,49162,49171,49172,156,157,47,53;0,23,65281,10,11,35,16,5,13;api2.branch.io;0x0000001d,0x00000017,0x00000018;0
99.86.242.67;10.0.2.16;443;45446;2;0x00000303;49199;0,11,65281,16,5,35;;;0
10.0.2.16;99.86.242.44;33274;443;1;0x00000303;49195,49196,52393,49199,49200,52392,49161,49162,49171,49172,156,157,47,53;0,23,65281,10,11,35,16,5,13;launches.appsflyer.com;0x0000001d,0x00000017,0x00000018;0
99.86.242.44;10.0.2.16;443;33274;2;0x00000303;49199;0,11,65281,16,5,35;;;0
10.0.2.16;159.69.183.34;46198;443;1;0x00000303;49195,49196,52393,49199,49200,52392,49171,49172,156,157,47,53;0,23,65281,10,11,5,13;windyapp.co;0x0000001d,0x00000017,0x00000018;0
10.0.2.16;159.69.183.34;46200;443;1;0x00000303;49195,49196,52393,49199,49200,52392,49171,49172,156,157,47,53;0,23,65281,10,11,5,13;windyapp.co;0x0000001d,0x00000017,0x00000018;0
10.0.2.16;159.69.183.34;46202;443;1;0x00000303;49195,49196,52393,49199,49200,52392,49171,49172,156,157,47,53;0,23,65281,10,11,5,13;windyapp.co;0x0000001d,0x00000017,0x00000018;0
159.69.183.34;10.0.2.16;443;46198;2;0x00000303;49199;0,65281;;;
159.69.183.34;10.0.2.16;443;46200;2;0x00000303;49199;0,65281;;;
159.69.183.34;10.0.2.16;443;46202;2;0x00000303;49199;0,65281;;;
10.0.2.16;99.86.242.99;52048;443;1;0x00000303;49195,49196,52393,49199,49200,52392,49161,49162,49171,49172,156,157,47,53;0,23,65281,10,11,35,16,5,13;cdn.branch.io;0x0000001d,0x00000017,0x00000018;0
99.86.242.99;10.0.2.16;443;52048;2;0x00000303;49199;0,11,65281,5,35;;;0
10.0.2.16;172.217.23.238;50578;443;1;0x00000303;49195,49196,52393,49199,49200,52392,49161,49162,49171,49172,156,157,47,53;0,23,65281,10,11,35,16,5,13;clients4.google.com;0x0000001d,0x00000017,0x00000018;0
172.217.23.238;10.0.2.16;443;50578;2;0x00000303;49195;23,65281,11,35,16;;;0
10.0.2.16;216.58.201.67;40180;443;1;0x00000303;49195,49196,52393,49199,49200,52392,49161,49162,49171,49172,156,157,47,53;0,23,65281,10,11,35,16,5,13;crashlyticsreports-pa.googleapis.com;0x0000001d,0x00000017,0x00000018;0
216.58.201.67;10.0.2.16;443;40180;2;0x00000303;49195;23,65281,11,35,16;;;0
10.0.2.16;172.217.173.67;56136;443;1;0x00000303;49195,49196,52393,49199,49200,52392,49161,49162,49171,49172,156,157,47,53;0,23,65281,10,11,35,16,5,13;csi.gstatic.com;0x0000001d,0x00000017,0x00000018;0
172.217.173.67;10.0.2.16;443;56136;2;0x00000303;49195;23,65281,11,35,16;;;0
10.0.2.16;104.18.225.52;56596;443;1;0x00000303;49195,49196,52393,49199,49200,52392,49161,49162,49171,49172,156,157,47,53;0,23,65281,10,11,35,16,5,13,21;api.onesignal.com;0x0000001d,0x00000017,0x00000018;0
104.18.225.52;10.0.2.16;443;56596;2;0x00000303;49195;23,65281,11,16;;;0
10.0.2.16;31.13.84.8;37138;443;1;0x00000303;49195,49196,52393,49199,49200,52392,49161,49162,49171,49172,156,157,47,53;0,23,65281,10,11,35,16,5,13,21;graph.facebook.com;0x0000001d,0x00000017,0x00000018;0
31.13.84.8;10.0.2.16;443;37138;2;0x00000303;49195;65281,16,23;;;
10.0.2.16;99.86.242.67;45468;443;1;0x00000303;49195,49196,52393,49199,49200,52392,49161,49162,49171,49172,156,157,47,53;0,23,65281,10,11,35,16,5,13,21;api2.branch.io;0x0000001d,0x00000017,0x00000018;0
99.86.242.67;10.0.2.16;443;45468;2;0x00000303;49199;11,65281,16,5;;;0
10.0.2.16;216.58.201.74;48480;443;1;0x00000303;49195,49196,52393,49199,49200,52392,49161,49162,49171,49172,156,157,47,53;0,23,65281,10,11,35,16,5,13;firebaselogging-pa.googleapis.com;0x0000001d,0x00000017,0x00000018;0
216.58.201.74;10.0.2.16;443;48480;2;0x00000303;49195;23,65281,11,35,16;;;0
10.0.2.16;195.201.84.103;53666;443;1;0x00000303;49195,49196,52393,49199,49200,52392,49171,49172,156,157,47,53;0,23,65281,10,11,5,13;chats.windyapp.co;0x0000001d,0x00000017,0x00000018;0
195.201.84.103;10.0.2.16;443;53666;2;0x00000303;52392;65281,0,11,23;;;0,1,2
10.0.2.16;54.189.45.236;41298;443;1;0x00000303;49195,49196,52393,49199,49200,52392,49171,49172,156,157,47,53;0,23,65281,10,11,5,13;api2.amplitude.com;0x0000001d,0x00000017,0x00000018;0
54.189.45.236;10.0.2.16;443;41298;2;0x00000303;49199;65281,11;;;0,1,2
10.0.2.16;172.217.23.238;50598;443;1;0x00000303;49195,49196,52393,49199,49200,52392,49161,49162,49171,49172,156,157,47,53;0,23,65281,10,11,35,16,5,13,21;clients4.google.com;0x0000001d,0x00000017,0x00000018;0
10.0.2.16;172.217.23.238;50596;443;1;0x00000303;49195,49196,52393,49199,49200,52392,49161,49162,49171,49172,156,157,47,53;0,23,65281,10,11,35,16,5,13,21;clients4.google.com;0x0000001d,0x00000017,0x00000018;0
10.0.2.16;172.217.23.238;50600;443;1;0x00000303;49195,49196,52393,49199,49200,52392,49161,49162,49171,49172,156,157,47,53;0,23,65281,10,11,35,16,5,13,21;clients4.google.com;0x0000001d,0x00000017,0x00000018;0
172.217.23.238;10.0.2.16;443;50598;2;0x00000303;49195;23,65281,11,16;;;0
172.217.23.238;10.0.2.16;443;50596;2;0x00000303;49195;23,65281,11,16;;;0
172.217.23.238;10.0.2.16;443;50600;2;0x00000303;49195;23,65281,11,16;;;0
10.0.2.16;172.67.73.252;55188;443;1;0x00000303;49195,49196,52393,49199,49200,52392,49171,49172,156,157,47,53;0,23,65281,10,11,5,13;spec-offers.windyapp.co;0x0000001d,0x00000017,0x00000018;0
172.67.73.252;10.0.2.16;443;55188;2;0x00000303;49195;0,23,65281,11,5;;;0
10.0.2.16;195.201.84.103;53678;443;1;0x00000303;49195,49196,52393,49199,49200,52392,49171,49172,156,157,47,53;0,23,65281,10,11,5,13;chats.windyapp.co;0x0000001d,0x00000017,0x00000018;0
10.0.2.16;195.201.84.103;53680;443;1;0x00000303;49195,49196,52393,49199,49200,52392,49171,49172,156,157,47,53;0,23,65281,10,11,5,13;chats.windyapp.co;0x0000001d,0x00000017,0x00000018;0
195.201.84.103;10.0.2.16;443;53678;2;0x00000303;52392;65281,23;;;
195.201.84.103;10.0.2.16;443;53680;2;0x00000303;52392;65281,23;;;
10.0.2.16;159.69.183.34;46236;443;1;0x00000303;49195,49196,52393,49199,49200,52392,49171,49172,156,157,47,53;0,23,65281,10,11,5,13;windyapp.co;0x0000001d,0x00000017,0x00000018;0
159.69.183.34;10.0.2.16;443;46236;2;0x00000303;49199;0,65281,11;;;0
10.0.2.16;99.86.242.8;54672;443;1;0x00000303;49195,49196,52393,49199,49200,52392,49161,49162,49171,49172,156,157,47,53;0,23,65281,10,11,35,16,5,13;inapps.appsflyer.com;0x0000001d,0x00000017,0x00000018;0
99.86.242.8;10.0.2.16;443;54672;2;0x00000303;49199;0,11,65281,16,5,35;;;0
10.0.2.16;195.201.84.103;53686;443;1;0x00000303;49195,49196,52393,49199,49200,52392,49161,49162,49171,49172,156,157,47,53;0,23,65281,10,11,5,13;chats.windyapp.co;0x0000001d,0x00000017,0x00000018;0
195.201.84.103;10.0.2.16;443;53686;2;0x00000303;52392;65281,0,11,23;;;0,1,2
10.0.2.16;216.58.201.74;48504;443;1;0x00000303;49195,49196,52393,49199,49200,52392,49161,49162,49171,49172,156,157,47,53;0,23,65281,10,11,35,16,5,13,21;firebaselogging-pa.googleapis.com;0x0000001d,0x00000017,0x00000018;0
216.58.201.74;10.0.2.16;443;48504;2;0x00000303;49195;23,65281,11,16;;;0
10.0.2.16;31.13.84.8;37168;443;1;0x00000303;49195,49196,52393,49199,49200,52392,49161,49162,49171,49172,156,157,47,53;0,23,65281,10,11,35,16,5,13,21;graph.facebook.com;0x0000001d,0x00000017,0x00000018;0
31.13.84.8;10.0.2.16;443;37168;2;0x00000303;49195;65281,16,23;;;
10.0.2.16;172.217.173.67;56172;443;1;0x00000303;49195,49196,52393,49199,49200,52392,49161,49162,49171,49172,156,157,47,53;0,23,65281,10,11,35,16,5,13,21;csi.gstatic.com;0x0000001d,0x00000017,0x00000018;0
172.217.173.67;10.0.2.16;443;56172;2;0x00000303;49195;23,65281,11,16;;;0
10.0.2.16;104.26.13.129;55790;443;1;0x00000303;49195,49196,52393,49199,49200,52392,49171,49172,156,157,47,53;0,23,65281,10,11,5,13;cdn.windyapp.co;0x0000001d,0x00000017,0x00000018;0
104.26.13.129;10.0.2.16;443;55790;2;0x00000303;49195;0,23,65281,11,5;;;0
10.0.2.16;104.26.13.129;55794;443;1;0x00000303;49195,49196,52393,49199,49200,52392,49171,49172,156,157,47,53;0,23,65281,10,11,5,13;cdn.windyapp.co;0x0000001d,0x00000017,0x00000018;0
104.26.13.129;10.0.2.16;443;55794;2;0x00000303;49195;23,65281,11;;;0
10.0.2.16;104.26.13.129;55792;443;1;0x00000303;49195,49196,52393,49199,49200,52392,49171,49172,156,157,47,53;0,23,65281,10,11,5,13;cdn.windyapp.co;0x0000001d,0x00000017,0x00000018;0
10.0.2.16;104.26.13.129;55796;443;1;0x00000303;49195,49196,52393,49199,49200,52392,49171,49172,156,157,47,53;0,23,65281,10,11,5,13;cdn.windyapp.co;0x0000001d,0x00000017,0x00000018;0
10.0.2.16;104.26.13.129;55798;443;1;0x00000303;49195,49196,52393,49199,49200,52392,49171,49172,156,157,47,53;0,23,65281,10,11,5,13;cdn.windyapp.co;0x0000001d,0x00000017,0x00000018;0
10.0.2.16;104.26.13.129;55800;443;1;0x00000303;49195,49196,52393,49199,49200,52392,49171,49172,156,157,47,53;0,23,65281,10,11,5,13;cdn.windyapp.co;0x0000001d,0x00000017,0x00000018;0
104.26.13.129;10.0.2.16;443;55796;2;0x00000303;49195;23,65281,11;;;0
104.26.13.129;10.0.2.16;443;55798;2;0x00000303;49195;23,65281,11;;;0
104.26.13.129;10.0.2.16;443;55792;2;0x00000303;49195;0,23,65281,11,5;;;0
10.0.2.16;104.26.13.129;55802;443;1;0x00000303;49195,49196,52393,49199,49200,52392,49171,49172,156,157,47,53;0,23,65281,10,11,5,13;cdn.windyapp.co;0x0000001d,0x00000017,0x00000018;0
104.26.13.129;10.0.2.16;443;55800;2;0x00000303;49195;23,65281,11;;;0
104.26.13.129;10.0.2.16;443;55802;2;0x00000303;49195;23,65281,11;;;0
10.0.2.16;159.69.183.34;46262;443;1;0x00000303;49195,49196,52393,49199,49200,52392,49171,49172,156,157,47,53;0,23,65281,10,11,5,13;windyapp.co;0x0000001d,0x00000017,0x00000018;0
10.0.2.16;159.69.183.34;46264;443;1;0x00000303;49195,49196,52393,49199,49200,52392,49171,49172,156,157,47,53;0,23,65281,10,11,5,13;windyapp.co;0x0000001d,0x00000017,0x00000018;0
10.0.2.16;159.69.183.34;46266;443;1;0x00000303;49195,49196,52393,49199,49200,52392,49171,49172,156,157,47,53;0,23,65281,10,11,5,13;windyapp.co;0x0000001d,0x00000017,0x00000018;0
159.69.183.34;10.0.2.16;443;46264;2;0x00000303;49199;0,65281;;;
159.69.183.34;10.0.2.16;443;46262;2;0x00000303;49199;0,65281;;;
159.69.183.34;10.0.2.16;443;46266;2;0x00000303;49199;0,65281;;;
10.0.2.16;104.26.13.129;55810;443;1;0x00000303;49195,49196,52393,49199,49200,52392,49171,49172,156,157,47,53;0,23,65281,10,11,5,13;cdn.windyapp.co;0x0000001d,0x00000017,0x00000018;0
104.26.13.129;10.0.2.16;443;55810;2;0x00000303;49195;23,65281,11;;;0
10.0.2.16;104.26.13.129;55812;443;1;0x00000303;49195,49196,52393,49199,49200,52392,49171,49172,156,157,47,53;0,23,65281,10,11,5,13;cdn.windyapp.co;0x0000001d,0x00000017,0x00000018;0
104.26.13.129;10.0.2.16;443;55812;2;0x00000303;49195;23,65281,11;;;0
10.0.2.16;157.240.27.27;45438;443;1;0x00000303;49195,49196,52393,49199,49200,52392,49171,49172,156,157,47,53;0,23,65281,10,11,5,13;platform-lookaside.fbsbx.com;0x0000001d,0x00000017,0x00000018;0
157.240.27.27;10.0.2.16;443;45438;2;0x00000303;49195;65281,0,11,23;;;0,1,2
10.0.2.16;172.217.23.225;46052;443;1;0x00000303;49195,49196,52393,49199,49200,52392,49171,49172,156,157,47,53;0,23,65281,10,11,5,13;lh3.googleusercontent.com;0x0000001d,0x00000017,0x00000018;0
172.217.23.225;10.0.2.16;443;46052;2;0x00000303;49195;23,65281,11;;;0
10.0.2.16;104.26.13.129;55818;443;1;0x00000303;49195,49196,52393,49199,49200,52392,49171,49172,156,157,47,53;0,23,65281,10,11,5,13;cdn.windyapp.co;0x0000001d,0x00000017,0x00000018;0
104.26.13.129;10.0.2.16;443;55818;2;0x00000303;49195;23,65281,11;;;0
10.0.2.16;104.26.13.129;55820;443;1;0x00000303;49195,49196,52393,49199,49200,52392,49171,49172,156,157,47,53;0,23,65281,10,11,5,13;cdn.windyapp.co;0x0000001d,0x00000017,0x00000018;0
104.26.13.129;10.0.2.16;443;55820;2;0x00000303;49195;23,65281,11;;;0
10.0.2.16;104.26.13.129;55822;443;1;0x00000303;49195,49196,52393,49199,49200,52392,49171,49172,156,157,47,53;0,23,65281,10,11,5,13;cdn.windyapp.co;0x0000001d,0x00000017,0x00000018;0
104.26.13.129;10.0.2.16;443;55822;2;0x00000303;49195;23,65281,11;;;0
10.0.2.16;104.26.13.129;55826;443;1;0x00000303;49195,49196,52393,49199,49200,52392,49171,49172,156,157,47,53;0,23,65281,10,11,5,13;cdn.windyapp.co;0x0000001d,0x00000017,0x00000018;0
10.0.2.16;104.26.13.129;55824;443;1;0x00000303;49195,49196,52393,49199,49200,52392,49171,49172,156,157,47,53;0,23,65281,10,11,5,13;cdn.windyapp.co;0x0000001d,0x00000017,0x00000018;0
104.26.13.129;10.0.2.16;443;55826;2;0x00000303;49195;23,65281,11;;;0
104.26.13.129;10.0.2.16;443;55824;2;0x00000303;49195;23,65281,11;;;0
10.0.2.16;104.26.13.129;55830;443;1;0x00000303;49195,49196,52393,49199,49200,52392,49171,49172,156,157,47,53;0,23,65281,10,11,5,13;cdn.windyapp.co;0x0000001d,0x00000017,0x00000018;0
10.0.2.16;157.240.27.27;45456;443;1;0x00000303;49195,49196,52393,49199,49200,52392,49171,49172,156,157,47,53;0,23,65281,10,11,5,13;lookaside.facebook.com;0x0000001d,0x00000017,0x00000018;0
10.0.2.16;104.26.13.129;55834;443;1;0x00000303;49195,49196,52393,49199,49200,52392,49171,49172,156,157,47,53;0,23,65281,10,11,5,13;cdn.windyapp.co;0x0000001d,0x00000017,0x00000018;0
104.26.13.129;10.0.2.16;443;55830;2;0x00000303;49195;23,65281,11;;;0
157.240.27.27;10.0.2.16;443;45456;2;0x00000303;49195;65281,0,11,23;;;0,1,2
104.26.13.129;10.0.2.16;443;55834;2;0x00000303;49195;23,65281,11;;;0
10.0.2.16;104.26.13.129;55836;443;1;0x00000303;49195,49196,52393,49199,49200,52392,49171,49172,156,157,47,53;0,23,65281,10,11,5,13;cdn.windyapp.co;0x0000001d,0x00000017,0x00000018;0
104.26.13.129;10.0.2.16;443;55836;2;0x00000303;49195;0,23,65281,11,5;;;0
10.0.2.16;104.26.13.129;55844;443;1;0x00000303;49195,49196,52393,49199,49200,52392,49171,49172,156,157,47,53;0,23,65281,10,11,5,13;cdn.windyapp.co;0x0000001d,0x00000017,0x00000018;0
104.26.13.129;10.0.2.16;443;55844;2;0x00000303;49195;0,23,65281,11,5;;;0
10.0.2.16;157.240.27.27;45470;443;1;0x00000303;49195,49196,52393,49199,49200,52392,49171,49172,156,157,47,53;0,23,65281,10,11,5,13;platform-lookaside.fbsbx.com;0x0000001d,0x00000017,0x00000018;0
157.240.27.27;10.0.2.16;443;45470;2;0x00000303;49195;65281,23;;;
10.0.2.16;104.26.13.129;55848;443;1;0x00000303;49195,49196,52393,49199,49200,52392,49171,49172,156,157,47,53;0,23,65281,10,11,5,13;cdn.windyapp.co;0x0000001d,0x00000017,0x00000018;0
10.0.2.16;104.26.13.129;55850;443;1;0x00000303;49195,49196,52393,49199,49200,52392,49171,49172,156,157,47,53;0,23,65281,10,11,5,13;cdn.windyapp.co;0x0000001d,0x00000017,0x00000018;0
104.26.13.129;10.0.2.16;443;55848;2;0x00000303;49195;23,65281,11;;;0
10.0.2.16;104.26.13.129;55854;443;1;0x00000303;49195,49196,52393,49199,49200,52392,49171,49172,156,157,47,53;0,23,65281,10,11,5,13;cdn.windyapp.co;0x0000001d,0x00000017,0x00000018;0
10.0.2.16;104.26.13.129;55852;443;1;0x00000303;49195,49196,52393,49199,49200,52392,49171,49172,156,157,47,53;0,23,65281,10,11,5,13;cdn.windyapp.co;0x0000001d,0x00000017,0x00000018;0
104.26.13.129;10.0.2.16;443;55850;2;0x00000303;49195;23,65281,11;;;0
104.26.13.129;10.0.2.16;443;55854;2;0x00000303;49195;23,65281,11;;;0
104.26.13.129;10.0.2.16;443;55852;2;0x00000303;49195;23,65281,11;;;0
10.0.2.16;104.26.13.129;55860;443;1;0x00000303;49195,49196,52393,49199,49200,52392,49171,49172,156,157,47,53;0,23,65281,10,11,5,13;cdn.windyapp.co;0x0000001d,0x00000017,0x00000018;0
104.26.13.129;10.0.2.16;443;55860;2;0x00000303;49195;23,65281,11;;;0
10.0.2.16;104.26.13.129;55862;443;1;0x00000303;49195,49196,52393,49199,49200,52392,49171,49172,156,157,47,53;0,23,65281,10,11,5,13;cdn.windyapp.co;0x0000001d,0x00000017,0x00000018;0
104.26.13.129;10.0.2.16;443;55862;2;0x00000303;49195;23,65281,11;;;0
10.0.2.16;104.26.13.129;55858;443;1;0x00000303;49195,49196,52393,49199,49200,52392,49171,49172,156,157,47,53;0,23,65281,10,11,5,13;cdn.windyapp.co;0x0000001d,0x00000017,0x00000018;0
104.26.13.129;10.0.2.16;443;55858;2;0x00000303;49195;23,65281,11;;;0
10.0.2.16;104.26.13.129;55870;443;1;0x00000303;49195,49196,52393,49199,49200,52392,49171,49172,156,157,47,53;0,23,65281,10,11,5,13;cdn.windyapp.co;0x0000001d,0x00000017,0x00000018;0
104.26.13.129;10.0.2.16;443;55870;2;0x00000303;49195;23,65281,11;;;0
10.0.2.16;104.26.13.129;55866;443;1;0x00000303;49195,49196,52393,49199,49200,52392,49171,49172,156,157,47,53;0,23,65281,10,11,5,13;cdn.windyapp.co;0x0000001d,0x00000017,0x00000018;0
104.26.13.129;10.0.2.16;443;55866;2;0x00000303;49195;23,65281,11;;;0
10.0.2.16;104.26.13.129;55856;443;1;0x00000303;49195,49196,52393,49199,49200,52392,49171,49172,156,157,47,53;0,23,65281,10,11,5,13;cdn.windyapp.co;0x0000001d,0x00000017,0x00000018;0
104.26.13.129;10.0.2.16;443;55856;2;0x00000303;49195;23,65281,11;;;0
10.0.2.16;104.26.13.129;55864;443;1;0x00000303;49195,49196,52393,49199,49200,52392,49171,49172,156,157,47,53;0,23,65281,10,11,5,13;cdn.windyapp.co;0x0000001d,0x00000017,0x00000018;0
104.26.13.129;10.0.2.16;443;55864;2;0x00000303;49195;23,65281,11;;;0
10.0.2.16;104.26.13.129;55868;443;1;0x00000303;49195,49196,52393,49199,49200,52392,49171,49172,156,157,47,53;0,23,65281,10,11,5,13;cdn.windyapp.co;0x0000001d,0x00000017,0x00000018;0
104.26.13.129;10.0.2.16;443;55868;2;0x00000303;49195;23,65281,11;;;0
10.0.2.16;172.217.23.225;46108;443;1;0x00000303;49195,49196,52393,49199,49200,52392,49171,49172,156,157,47,53;0,23,65281,10,11,5,13;lh3.googleusercontent.com;0x0000001d,0x00000017,0x00000018;0
10.0.2.16;31.13.84.4;34830;443;1;0x00000303;49195,49196,52393,49199,49200,52392,49171,49172,156,157,47,53;0,23,65281,10,11,5,13;lookaside.facebook.com;0x0000001d,0x00000017,0x00000018;0
172.217.23.225;10.0.2.16;443;46108;2;0x00000303;49195;23,65281,11;;;0
31.13.84.4;10.0.2.16;443;34830;2;0x00000303;49195;65281,0,11,23;;;0,1,2
10.0.2.16;172.67.73.252;55292;443;1;0x00000303;49195,49196,52393,49199,49200,52392,49171,49172,156,157,47,53;0,23,65281,10,11,5,13;s.windyapp.co;0x0000001d,0x00000017,0x00000018;0
10.0.2.16;104.26.13.129;55878;443;1;0x00000303;49195,49196,52393,49199,49200,52392,49171,49172,156,157,47,53;0,23,65281,10,11,5,13;cdn.windyapp.co;0x0000001d,0x00000017,0x00000018;0
172.67.73.252;10.0.2.16;443;55292;2;0x00000303;49195;0,23,65281,11,5;;;0
104.26.13.129;10.0.2.16;443;55878;2;0x00000303;49195;23,65281,11;;;0
10.0.2.16;172.67.73.252;55296;443;1;0x00000303;49195,49196,52393,49199,49200,52392,49171,49172,156,157,47,53;0,23,65281,10,11,5,13;s.windyapp.co;0x0000001d,0x00000017,0x00000018;0
172.67.73.252;10.0.2.16;443;55296;2;0x00000303;49195;23,65281,11;;;0
10.0.2.16;104.26.13.129;55882;443;1;0x00000303;49195,49196,52393,49199,49200,52392,49171,49172,156,157,47,53;0,23,65281,10,11,5,13;cdn.windyapp.co;0x0000001d,0x00000017,0x00000018;0
10.0.2.16;104.26.13.129;55884;443;1;0x00000303;49195,49196,52393,49199,49200,52392,49171,49172,156,157,47,53;0,23,65281,10,11,5,13;cdn.windyapp.co;0x0000001d,0x00000017,0x00000018;0
10.0.2.16;104.26.13.129;55886;443;1;0x00000303;49195,49196,52393,49199,49200,52392,49171,49172,156,157,47,53;0,23,65281,10,11,5,13;cdn.windyapp.co;0x0000001d,0x00000017,0x00000018;0
10.0.2.16;104.26.13.129;55888;443;1;0x00000303;49195,49196,52393,49199,49200,52392,49171,49172,156,157,47,53;0,23,65281,10,11,5,13;cdn.windyapp.co;0x0000001d,0x00000017,0x00000018;0
104.26.13.129;10.0.2.16;443;55884;2;0x00000303;49195;23,65281,11;;;0
104.26.13.129;10.0.2.16;443;55882;2;0x00000303;49195;23,65281,11;;;0
104.26.13.129;10.0.2.16;443;55888;2;0x00000303;49195;23,65281,11;;;0
104.26.13.129;10.0.2.16;443;55886;2;0x00000303;49195;23,65281,11;;;0
10.0.2.16;104.26.13.129;55892;443;1;0x00000303;49195,49196,52393,49199,49200,52392,49171,49172,156,157,47,53;0,23,65281,10,11,5,13;cdn.windyapp.co;0x0000001d,0x00000017,0x00000018;0
104.26.13.129;10.0.2.16;443;55892;2;0x00000303;49195;23,65281,11;;;0
10.0.2.16;104.26.13.129;55890;443;1;0x00000303;49195,49196,52393,49199,49200,52392,49171,49172,156,157,47,53;0,23,65281,10,11,5,13;cdn.windyapp.co;0x0000001d,0x00000017,0x00000018;0
10.0.2.16;104.26.13.129;55894;443;1;0x00000303;49195,49196,52393,49199,49200,52392,49171,49172,156,157,47,53;0,23,65281,10,11,5,13;cdn.windyapp.co;0x0000001d,0x00000017,0x00000018;0
104.26.13.129;10.0.2.16;443;55894;2;0x00000303;49195;23,65281,11;;;0
104.26.13.129;10.0.2.16;443;55890;2;0x00000303;49195;0,23,65281,11,5;;;0
10.0.2.16;104.26.12.129;52236;443;1;0x00000303;49195,49196,52393,49199,49200,52392,49171,49172,156,157,47,53;0,23,65281,10,11,5,13;cdn.windyapp.co;0x0000001d,0x00000017,0x00000018;0
10.0.2.16;104.26.12.129;52238;443;1;0x00000303;49195,49196,52393,49199,49200,52392,49171,49172,156,157,47,53;0,23,65281,10,11,5,13;cdn.windyapp.co;0x0000001d,0x00000017,0x00000018;0
10.0.2.16;104.26.12.129;52240;443;1;0x00000303;49195,49196,52393,49199,49200,52392,49171,49172,156,157,47,53;0,23,65281,10,11,5,13;cdn.windyapp.co;0x0000001d,0x00000017,0x00000018;0
10.0.2.16;104.26.12.129;52242;443;1;0x00000303;49195,49196,52393,49199,49200,52392,49171,49172,156,157,47,53;0,23,65281,10,11,5,13;cdn.windyapp.co;0x0000001d,0x00000017,0x00000018;0
10.0.2.16;31.13.84.4;34860;443;1;0x00000303;49195,49196,52393,49199,49200,52392,49171,49172,156,157,47,53;0,23,65281,10,11,5,13;platform-lookaside.fbsbx.com;0x0000001d,0x00000017,0x00000018;0
104.26.12.129;10.0.2.16;443;52238;2;0x00000303;49195;23,65281,11;;;0
104.26.12.129;10.0.2.16;443;52236;2;0x00000303;49195;23,65281,11;;;0
104.26.12.129;10.0.2.16;443;52240;2;0x00000303;49195;23,65281,11;;;0
31.13.84.4;10.0.2.16;443;34860;2;0x00000303;49195;65281,0,11,23;;;0,1,2
10.0.2.16;104.26.12.129;52248;443;1;0x00000303;49195,49196,52393,49199,49200,52392,49171,49172,156,157,47,53;0,23,65281,10,11,5,13;cdn.windyapp.co;0x0000001d,0x00000017,0x00000018;0
104.26.12.129;10.0.2.16;443;52248;2;0x00000303;49195;23,65281,11;;;0
104.26.12.129;10.0.2.16;443;52242;2;0x00000303;49195;23,65281,11;;;0
10.0.2.16;104.26.12.129;52252;443;1;0x00000303;49195,49196,52393,49199,49200,52392,49171,49172,156,157,47,53;0,23,65281,10,11,5,13;cdn.windyapp.co;0x0000001d,0x00000017,0x00000018;0
10.0.2.16;172.67.73.252;55326;443;1;0x00000303;49195,49196,52393,49199,49200,52392,49171,49172,156,157,47,53;0,23,65281,10,11,5,13;cdn.windyapp.co;0x0000001d,0x00000017,0x00000018;0
104.26.12.129;10.0.2.16;443;52252;2;0x00000303;49195;23,65281,11;;;0
10.0.2.16;104.26.12.129;52254;443;1;0x00000303;49195,49196,52393,49199,49200,52392,49171,49172,156,157,47,53;0,23,65281,10,11,5,13;cdn.windyapp.co;0x0000001d,0x00000017,0x00000018;0
104.26.12.129;10.0.2.16;443;52254;2;0x00000303;49195;23,65281,11;;;0
10.0.2.16;172.67.73.252;55334;443;1;0x00000303;49195,49196,52393,49199,49200,52392,49171,49172,156,157,47,53;0,23,65281,10,11,5,13;cdn.windyapp.co;0x0000001d,0x00000017,0x00000018;0
172.67.73.252;10.0.2.16;443;55334;2;0x00000303;49195;23,65281,11;;;0
10.0.2.16;104.26.12.129;52262;443;1;0x00000303;49195,49196,52393,49199,49200,52392,49171,49172,156,157,47,53;0,23,65281,10,11,5,13;cdn.windyapp.co;0x0000001d,0x00000017,0x00000018;0
172.67.73.252;10.0.2.16;443;55326;2;0x00000303;49195;0,23,65281,11,5;;;0
10.0.2.16;104.26.12.129;52264;443;1;0x00000303;49195,49196,52393,49199,49200,52392,49171,49172,156,157,47,53;0,23,65281,10,11,5,13;cdn.windyapp.co;0x0000001d,0x00000017,0x00000018;0
104.26.12.129;10.0.2.16;443;52264;2;0x00000303;49195;23,65281,11;;;0
104.26.12.129;10.0.2.16;443;52262;2;0x00000303;49195;23,65281,11;;;0
10.0.2.16;172.217.23.225;46162;443;1;0x00000303;49195,49196,52393,49199,49200,52392,49171,49172,156,157,47,53;0,23,65281,10,11,5,13;lh3.googleusercontent.com;0x0000001d,0x00000017,0x00000018;0
10.0.2.16;172.217.23.225;46164;443;1;0x00000303;49195,49196,52393,49199,49200,52392,49171,49172,156,157,47,53;0,23,65281,10,11,5,13;lh3.googleusercontent.com;0x0000001d,0x00000017,0x00000018;0
172.217.23.225;10.0.2.16;443;46164;2;0x00000303;49195;23,65281,11;;;0
172.217.23.225;10.0.2.16;443;46162;2;0x00000303;49195;23,65281,11;;;0
10.0.2.16;104.26.13.129;55948;443;1;0x00000303;49195,49196,52393,49199,49200,52392,49171,49172,156,157,47,53;0,23,65281,10,11,5,13;cdn.windyapp.co;0x0000001d,0x00000017,0x00000018;0
104.26.13.129;10.0.2.16;443;55948;2;0x00000303;49195;23,65281,11;;;0
10.0.2.16;172.67.73.252;55368;443;1;0x00000303;49195,49196,52393,49199,49200,52392,49171,49172,156,157,47,53;0,23,65281,10,11,5,13;s.windyapp.co;0x0000001d,0x00000017,0x00000018;0
172.67.73.252;10.0.2.16;443;55368;2;0x00000303;49195;23,65281,11;;;0
10.0.2.16;172.67.73.252;55372;443;1;0x00000303;49195,49196,52393,49199,49200,52392,49171,49172,156,157,47,53;0,23,65281,10,11,5,13;s.windyapp.co;0x0000001d,0x00000017,0x00000018;0
172.67.73.252;10.0.2.16;443;55372;2;0x00000303;49195;23,65281,11;;;0
10.0.2.16;104.26.13.129;55958;443;1;0x00000303;49195,49196,52393,49199,49200,52392,49171,49172,156,157,47,53;0,23,65281,10,11,5,13;cdn.windyapp.co;0x0000001d,0x00000017,0x00000018;0
104.26.13.129;10.0.2.16;443;55958;2;0x00000303;49195;23,65281,11;;;0
10.0.2.16;104.26.13.129;55960;443;1;0x00000303;49195,49196,52393,49199,49200,52392,49171,49172,156,157,47,53;0,23,65281,10,11,5,13;cdn.windyapp.co;0x0000001d,0x00000017,0x00000018;0
104.26.13.129;10.0.2.16;443;55960;2;0x00000303;49195;23,65281,11;;;0
10.0.2.16;104.26.13.129;55968;443;1;0x00000303;49195,49196,52393,49199,49200,52392,49171,49172,156,157,47,53;0,23,65281,10,11,5,13;cdn.windyapp.co;0x0000001d,0x00000017,0x00000018;0
10.0.2.16;104.26.13.129;55966;443;1;0x00000303;49195,49196,52393,49199,49200,52392,49171,49172,156,157,47,53;0,23,65281,10,11,5,13;cdn.windyapp.co;0x0000001d,0x00000017,0x00000018;0
10.0.2.16;104.26.13.129;55970;443;1;0x00000303;49195,49196,52393,49199,49200,52392,49171,49172,156,157,47,53;0,23,65281,10,11,5,13;cdn.windyapp.co;0x0000001d,0x00000017,0x00000018;0
10.0.2.16;104.26.13.129;55972;443;1;0x00000303;49195,49196,52393,49199,49200,52392,49171,49172,156,157,47,53;0,23,65281,10,11,5,13;cdn.windyapp.co;0x0000001d,0x00000017,0x00000018;0
10.0.2.16;104.26.13.129;55974;443;1;0x00000303;49195,49196,52393,49199,49200,52392,49171,49172,156,157,47,53;0,23,65281,10,11,5,13;cdn.windyapp.co;0x0000001d,0x00000017,0x00000018;0
104.26.13.129;10.0.2.16;443;55968;2;0x00000303;49195;23,65281,11;;;0
104.26.13.129;10.0.2.16;443;55966;2;0x00000303;49195;23,65281,11;;;0
104.26.13.129;10.0.2.16;443;55974;2;0x00000303;49195;23,65281,11;;;0
104.26.13.129;10.0.2.16;443;55970;2;0x00000303;49195;23,65281,11;;;0
104.26.13.129;10.0.2.16;443;55972;2;0x00000303;49195;23,65281,11;;;0
10.0.2.16;104.26.13.129;55976;443;1;0x00000303;49195,49196,52393,49199,49200,52392,49171,49172,156,157,47,53;0,23,65281,10,11,5,13;cdn.windyapp.co;0x0000001d,0x00000017,0x00000018;0
10.0.2.16;104.26.13.129;55978;443;1;0x00000303;49195,49196,52393,49199,49200,52392,49171,49172,156,157,47,53;0,23,65281,10,11,5,13;cdn.windyapp.co;0x0000001d,0x00000017,0x00000018;0
104.26.13.129;10.0.2.16;443;55976;2;0x00000303;49195;23,65281,11;;;0
10.0.2.16;104.26.13.129;55980;443;1;0x00000303;49195,49196,52393,49199,49200,52392,49171,49172,156,157,47,53;0,23,65281,10,11,5,13;cdn.windyapp.co;0x0000001d,0x00000017,0x00000018;0
104.26.13.129;10.0.2.16;443;55978;2;0x00000303;49195;23,65281,11;;;0
10.0.2.16;104.26.13.129;55984;443;1;0x00000303;49195,49196,52393,49199,49200,52392,49171,49172,156,157,47,53;0,23,65281,10,11,5,13;cdn.windyapp.co;0x0000001d,0x00000017,0x00000018;0
104.26.13.129;10.0.2.16;443;55980;2;0x00000303;49195;23,65281,11;;;0
104.26.13.129;10.0.2.16;443;55984;2;0x00000303;49195;23,65281,11;;;0
10.0.2.16;104.26.13.129;55992;443;1;0x00000303;49195,49196,52393,49199,49200,52392,49171,49172,156,157,47,53;0,23,65281,10,11,5,13;cdn.windyapp.co;0x0000001d,0x00000017,0x00000018;0
104.26.13.129;10.0.2.16;443;55992;2;0x00000303;49195;23,65281,11;;;0
10.0.2.16;104.26.13.129;55994;443;1;0x00000303;49195,49196,52393,49199,49200,52392,49171,49172,156,157,47,53;0,23,65281,10,11,5,13;cdn.windyapp.co;0x0000001d,0x00000017,0x00000018;0
104.26.13.129;10.0.2.16;443;55994;2;0x00000303;49195;23,65281,11;;;0
10.0.2.16;104.26.13.129;55982;443;1;0x00000303;49195,49196,52393,49199,49200,52392,49171,49172,156,157,47,53;0,23,65281,10,11,5,13;cdn.windyapp.co;0x0000001d,0x00000017,0x00000018;0
104.26.13.129;10.0.2.16;443;55982;2;0x00000303;49195;23,65281,11;;;0
10.0.2.16;104.26.13.129;55990;443;1;0x00000303;49195,49196,52393,49199,49200,52392,49171,49172,156,157,47,53;0,23,65281,10,11,5,13;cdn.windyapp.co;0x0000001d,0x00000017,0x00000018;0
10.0.2.16;104.26.13.129;55998;443;1;0x00000303;49195,49196,52393,49199,49200,52392,49171,49172,156,157,47,53;0,23,65281,10,11,5,13;cdn.windyapp.co;0x0000001d,0x00000017,0x00000018;0
104.26.13.129;10.0.2.16;443;55998;2;0x00000303;49195;23,65281,11;;;0
10.0.2.16;104.26.13.129;56000;443;1;0x00000303;49195,49196,52393,49199,49200,52392,49171,49172,156,157,47,53;0,23,65281,10,11,5,13;cdn.windyapp.co;0x0000001d,0x00000017,0x00000018;0
104.26.13.129;10.0.2.16;443;56000;2;0x00000303;49195;23,65281,11;;;0
10.0.2.16;104.26.13.129;56002;443;1;0x00000303;49195,49196,52393,49199,49200,52392,49171,49172,156,157,47,53;0,23,65281,10,11,5,13;cdn.windyapp.co;0x0000001d,0x00000017,0x00000018;0
10.0.2.16;104.26.13.129;55996;443;1;0x00000303;49195,49196,52393,49199,49200,52392,49171,49172,156,157,47,53;0,23,65281,10,11,5,13;cdn.windyapp.co;0x0000001d,0x00000017,0x00000018;0
10.0.2.16;104.26.13.129;55986;443;1;0x00000303;49195,49196,52393,49199,49200,52392,49171,49172,156,157,47,53;0,23,65281,10,11,5,13;cdn.windyapp.co;0x0000001d,0x00000017,0x00000018;0
104.26.13.129;10.0.2.16;443;55996;2;0x00000303;49195;23,65281,11;;;0
10.0.2.16;104.26.13.129;55988;443;1;0x00000303;49195,49196,52393,49199,49200,52392,49171,49172,156,157,47,53;0,23,65281,10,11,5,13;cdn.windyapp.co;0x0000001d,0x00000017,0x00000018;0
104.26.13.129;10.0.2.16;443;55988;2;0x00000303;49195;23,65281,11;;;0
104.26.13.129;10.0.2.16;443;56002;2;0x00000303;49195;23,65281,11;;;0
104.26.13.129;10.0.2.16;443;55990;2;0x00000303;49195;23,65281,11;;;0
104.26.13.129;10.0.2.16;443;55986;2;0x00000303;49195;23,65281,11;;;0
