JA3;SNI;JA3S
26ce8ac42d61ce58f5cd539fb79d41b1;accounts.reddit.com;05c6c275b10b37e3d5561f48e80d659c
26ce8ac42d61ce58f5cd539fb79d41b1;alb.reddit.com;05c6c275b10b37e3d5561f48e80d659c
26ce8ac42d61ce58f5cd539fb79d41b1;b.thumbs.redditmedia.com;05c6c275b10b37e3d5561f48e80d659c
26ce8ac42d61ce58f5cd539fb79d41b1;b.thumbs.redditmedia.com;af830039016ecfd26e620b69f9a3bc14
26ce8ac42d61ce58f5cd539fb79d41b1;e.reddit.com;05c6c275b10b37e3d5561f48e80d659c
26ce8ac42d61ce58f5cd539fb79d41b1;e.reddit.com;af830039016ecfd26e620b69f9a3bc14
26ce8ac42d61ce58f5cd539fb79d41b1;emoji.redditmedia.com;05c6c275b10b37e3d5561f48e80d659c
26ce8ac42d61ce58f5cd539fb79d41b1;external-preview.redd.it;05c6c275b10b37e3d5561f48e80d659c
26ce8ac42d61ce58f5cd539fb79d41b1;external-preview.redd.it;af830039016ecfd26e620b69f9a3bc14
26ce8ac42d61ce58f5cd539fb79d41b1;gql.reddit.com;05c6c275b10b37e3d5561f48e80d659c
26ce8ac42d61ce58f5cd539fb79d41b1;oauth.reddit.com;05c6c275b10b37e3d5561f48e80d659c
26ce8ac42d61ce58f5cd539fb79d41b1;oauth.reddit.com;af830039016ecfd26e620b69f9a3bc14
26ce8ac42d61ce58f5cd539fb79d41b1;preview.redd.it;05c6c275b10b37e3d5561f48e80d659c
26ce8ac42d61ce58f5cd539fb79d41b1;preview.redd.it;af830039016ecfd26e620b69f9a3bc14
26ce8ac42d61ce58f5cd539fb79d41b1;s.reddit.com;05c6c275b10b37e3d5561f48e80d659c
26ce8ac42d61ce58f5cd539fb79d41b1;sendbirdproxyk8s.chat.redditmedia.com;70745099b394fe3f42264227c098cc98
26ce8ac42d61ce58f5cd539fb79d41b1;sendbirdproxyk8s.chat.redditmedia.com;a218bea95e79bb5b882e92b8a82d26c6
26ce8ac42d61ce58f5cd539fb79d41b1;strapi.reddit.com;05c6c275b10b37e3d5561f48e80d659c
26ce8ac42d61ce58f5cd539fb79d41b1;styles.redditmedia.com;05c6c275b10b37e3d5561f48e80d659c
26ce8ac42d61ce58f5cd539fb79d41b1;styles.redditmedia.com;af830039016ecfd26e620b69f9a3bc14
26ce8ac42d61ce58f5cd539fb79d41b1;v.redd.it;05c6c275b10b37e3d5561f48e80d659c
26ce8ac42d61ce58f5cd539fb79d41b1;v.redd.it;af830039016ecfd26e620b69f9a3bc14
26ce8ac42d61ce58f5cd539fb79d41b1;www.redditstatic.com;05c6c275b10b37e3d5561f48e80d659c
26ce8ac42d61ce58f5cd539fb79d41b1;www.redditstatic.com;af830039016ecfd26e620b69f9a3bc14
3a6e6735bc423c7c3ba06bc609e05d00;preview.redd.it;05c6c275b10b37e3d5561f48e80d659c
3a6e6735bc423c7c3ba06bc609e05d00;preview.redd.it;af830039016ecfd26e620b69f9a3bc14
3a6e6735bc423c7c3ba06bc609e05d00;v.redd.it;05c6c275b10b37e3d5561f48e80d659c
3a6e6735bc423c7c3ba06bc609e05d00;v.redd.it;af830039016ecfd26e620b69f9a3bc14
3a6e6735bc423c7c3ba06bc609e05d00;watch.redd.it;05c6c275b10b37e3d5561f48e80d659c
3a6e6735bc423c7c3ba06bc609e05d00;watch.redd.it;af830039016ecfd26e620b69f9a3bc14
